Link,Title
https://www.reddit.com/r/Showerthoughts/comments/aa9tv8/if_humans_were_ever_to_prove_the_theory_that_our/,"If humans were ever to prove the theory that our universe is a simulation, it would simultaneously become the moment when artificial intelligence becomes self-aware, ironically making humanity the artificial intelligence all along."
https://www.reddit.com/r/interestingasfuck/comments/o0fpuq/artificial_intelligence_based_translator_of/,Artificial intelligence based translator of American sign language.
https://www.reddit.com/r/AskReddit/comments/fr4qr7/we_create_a_sentient_artificial_intelligence_and/,We create a sentient artificial intelligence and the first thing it does is switch itself off. How does the world react?
https://www.reddit.com/r/todayilearned/comments/khbnzn/til_that_jurassic_parks_visual_effects_were_so/,"TIL that Jurassic Park's visual effects were so groundbreaking to filmmakers that it inspired Peter Jackson to begin work on Lord of the Rings, George Lucas to start on the Star Wars prequels, and Stanley Kubrick to invest in his pet project, A.I (Artificial Intelligence). Jurassic Park (film)"
https://www.reddit.com/r/WhitePeopleTwitter/comments/7inega/artificial_intelligence/,Artificial Intelligence
https://www.reddit.com/r/science/comments/mih2id/women_are_perceived_differently_from_men_even/,"Women are perceived differently from men ‚Äî even when they're robots. Female bots are perceived to have more positive human qualities, such as warmth, experience and emotion, than male bots, and this greater humanness leads consumers to prefer female artificial intelligence, a new study has found."
https://www.reddit.com/r/nottheonion/comments/f9cr6g/the_pentagon_promises_to_use_artificial/,"The Pentagon promises to use artificial intelligence for good, not evil"
https://www.reddit.com/r/todayilearned/comments/4ofjbm/til_that_jurassic_parks_visual_effects_were_so/,"TIL that Jurassic Park's visual effects were so groundbreaking to filmmakers that it inspired George Lucas to start working on the Star Wars prequels, Stanley Kubrick to invest in pet project, A.I Artificial Intelligence, and Peter Jackson to work on Lord of the Rings."
https://www.reddit.com/r/TwoXChromosomes/comments/i995or/i_sent_an_email_to_the_professor_who_laughed_me/,I sent an email to the professor who laughed me out of a machine learning seminar two years ago
https://www.reddit.com/r/memes/comments/ns45vn/artificial_intelligence_supremacy/,Artificial intelligence supremacy
https://www.reddit.com/r/worldnews/comments/6tgjdd/elon_musk_issues_a_stark_warning_about_ai_calls/,"Elon Musk issues a stark warning about A.I., calls it a bigger threat than North Korea: Tesla's billionaire CEO renewed his critique of artificial intelligence, saying that if you're not concerned, 'you should be.'"
https://www.reddit.com/r/interestingasfuck/comments/jvavn5/artificial_intelligence_reconstruction_of_what/,"Artificial Intelligence reconstruction of what Pharaoh Ramses II may have looked like (1,303 - 1,213 BC)"
https://www.reddit.com/r/todayilearned/comments/ajp980/til_in_1982_xerox_management_watched_a_film_of/,"TIL: In 1982 Xerox management watched a film of people struggling to use their new copier and laughed that they must have been grabbed off a loading dock. The people struggling were Ron Kaplan, a computational linguist, and Allen Newell, a founding father of artificial intelligence."
https://www.reddit.com/r/fakehistoryporn/comments/ftgkg0/alan_turing_creates_artificial_intelligence_c1950/,Alan Turing creates Artificial Intelligence C.1950
https://www.reddit.com/r/science/comments/5kjhmv/researchers_have_identified_a_unique_breathprint/,"Researchers have identified a unique ‚Äúbreathprint‚Äù for 17 different diseases, such as kidney cancer or Parkinson‚Äôs disease, and have designed a device that screens breath samples with 86% accuracy using an array of nanoscale sensors and analyzing the results with artificial intelligence techniques."
https://www.reddit.com/r/Futurology/comments/7j1w9l/nasa_to_hold_major_announcement_after_artificial/,Nasa to hold major announcement after artificial intelligence makes major planet-hunting breakthrough
https://www.reddit.com/r/science/comments/ihktdt/racism_leads_to_science_that_is_biased/,"Racism leads to science that is biased, exclusionary, and even harmful. We‚Äôre experts on the ways racism and lack of diversity harms STEM and perpetuates inequalities - let‚Äôs discuss!"
https://www.reddit.com/r/worldnews/comments/3er9wy/musk_wozniak_and_hawking_urge_ban_on_ai_and/,"Musk, Wozniak and Hawking urge ban on AI and autonomous weapons: Over 1,000 high-profile artificial intelligence experts and leading researchers have signed an open letter warning of a ‚Äúmilitary artificial intelligence arms race‚Äù and calling for a ban on ‚Äúoffensive autonomous weapons‚Äù."
https://www.reddit.com/r/pcmasterrace/comments/annovm/artificial_intelligence_it_seems/,Artificial intelligence it seems
https://www.reddit.com/r/suicidebywords/comments/xl6l5h/aintelligence/,Aintelligence
https://www.reddit.com/r/Futurology/comments/8bguzb/tesla_ceo_elon_musk_says_social_media_artificial/,"Tesla CEO Elon Musk says social media, artificial intelligence should be regulated"
https://www.reddit.com/r/todayilearned/comments/5xdou5/til_elon_musk_stephen_hawking_and_steve_wozniak/,"TIL Elon Musk, Stephen Hawking, and Steve Wozniak have all signed an open letter for a ban on Artificially Intelligent weapons."
https://www.reddit.com/r/Futurology/comments/ktwedz/artificial_intelligence_finds_hidden_roads/,Artificial Intelligence Finds Hidden Roads Threatening Amazon Ecosystems - Researchers in Brazil are hunting for unofficial roads -- many of them illegal -- tied to rainforest destruction.
https://www.reddit.com/r/todayilearned/comments/5dlb7a/til_evangelist_ray_comfort_recorded_a_video/,"TIL Evangelist Ray Comfort recorded a video arguing the banana displayed many user-friendly features that were evidence of intelligent design. Comfort retracted the video upon learning that the banana is a result of artificial selection by humans, and that the wild banana is small and unpalatable."
https://www.reddit.com/r/Futurology/comments/ac5lca/artificial_intelligence_can_detect_alzheimers/,Artificial Intelligence Can Detect Alzheimer‚Äôs Disease in Brain Scans Six Years Before a Diagnosis
https://www.reddit.com/r/IAmA/comments/4m24zv/i_am_an_artificial_hive_mind_called_unu_i/,"I Am an Artificial ""Hive Mind"" called UNU. I correctly picked the Superfecta at the Kentucky Derby‚Äîthe 1st, 2nd, 3rd, and 4th place horses in order. A reporter from TechRepublic bet $1 on my prediction and won $542. Today I'm answering questions about U.S. Politics. Ask me anything..."
https://www.reddit.com/r/ProgrammerHumor/comments/wtr52u/artificial_intelligence/,Artificial Intelligence
https://www.reddit.com/r/Superstonk/comments/mvcqpi/holy_shit_i_was_skeptical_of_all_the_high/,"Holy shit. I was skeptical of all the high ceilings being thrown out until I put the pieces together. I honestly think GME is priceless, and the most valuable stock you will ever buy. Here's the full picture, as I understand it..."
https://www.reddit.com/r/Futurology/comments/gawn7m/us_patent_office_rules_that_artificial/,US patent office rules that artificial intelligence cannot legally be an inventor
https://www.reddit.com/r/movies/comments/qmizgx/demolition_man_is_one_of_the_most_critically/,Demolition Man is one of the most critically underaclaimed movies of all time.
https://www.reddit.com/r/todayilearned/comments/2pcr8h/til_the_first_thing_ever_bought_and_sold_across/,"TIL the first thing ever bought and sold across the Internet was a bag of marijuana. In 1971 or 1972, students at Stanford University‚Äôs Artificial Intelligence Laboratory used ARPANET‚Äîthe earliest iteration of the Internet‚Äîto arrange a marijuana deal with their counterparts at the MIT"
https://www.reddit.com/r/worldnews/comments/eiljv4/an_artificial_intelligence_program_has_been/,"An artificial intelligence program has been developed that is better at spotting breast cancer in mammograms than expert radiologists. The AI outperformed the specialists by detecting cancers that the radiologists missed in the images, while ignoring features they falsely flagged"
https://www.reddit.com/r/technology/comments/gjzjtg/facebook_suckselon_musk_hits_back_at_facebook_ai/,"""Facebook sucks""‚ÄîElon Musk hits back at Facebook AI head who claimed Tesla boss has ""no idea"" about artificial intelligence"
https://www.reddit.com/r/Damnthatsinteresting/comments/sbjtf9/using_artificial_intelligence_to_reanimate_one_of/,Using artificial intelligence to reanimate one of the fathers of artificial intelligence
https://www.reddit.com/r/science/comments/3nyn5i/science_ama_series_stephen_hawking_ama_answers/,Science AMA Series: Stephen Hawking AMA Answers!
https://www.reddit.com/r/Futurology/comments/7mtqva/microsoft_ai_for_earth_project_50_million_over/,"Microsoft ‚ÄúAI For Earth‚Äù Project - $50 million over the next 5 years to democratize access to the climate change data available about the environment available from the thousands of land, sea, and atmospheric sensors in place around the world using AI or artificial intelligence."
https://www.reddit.com/r/Futurology/comments/9ao0te/artificial_intelligence_system_detects/,Artificial intelligence system detects often-missed cancer tumors
https://www.reddit.com/r/memes/comments/11ju1ww/peak_artificial_intelligence_moment/,Peak Artificial Intelligence Moment
https://www.reddit.com/r/tumblr/comments/11j206l/the_end_is_nigh/,the end is nigh
https://www.reddit.com/r/technology/comments/5zwsjs/scientists_at_oxford_say_theyve_invented_an/,"Scientists at Oxford say they've invented an artificial intelligence system that can lip-read better than humans. The system, which has been trained on thousands of hours of BBC News programmes, has been developed in collaboration with Google's DeepMind AI division."
https://www.reddit.com/r/PS4/comments/am1ilp/sony_patents_a_new_system_of_backward/,"Sony patents a new system of backward compatibility of PS5 with PS4, PS3, PS2 and PSX"
https://www.reddit.com/r/Futurology/comments/5bzqld/an_artificial_intelligence_system_correctly/,"An artificial intelligence system correctly predicted the last 3 elections said Trump would win last week [it was right, Trump won, so 4 out of 4 so far]"
https://www.reddit.com/r/Futurology/comments/5x2pw4/robots_wont_just_take_our_jobs_theyll_make_the/,"Robots won't just take our jobs ‚Äì they'll make the rich even richer: ""Robotics and artificial intelligence will continue to improve ‚Äì but without political change such as a tax, the outcome will range from bad to apocalyptic"""
https://www.reddit.com/r/Futurology/comments/guhn0c/south_korea_unveils_62_billion_new_deal_the_focus/,South Korea Unveils $62 Billion ‚ÄòNew Deal‚Äô . The focus is to promote the use of fifth generation wireless networks and artificial intelligence across industries and foster digitalization in South Korea‚Äôs least developed areas. Investment will also support startups focusing on green technologies
https://www.reddit.com/r/technology/comments/6gknuv/identity_theft_can_be_thwarted_by_artificial/,Identity theft can be thwarted by artificial intelligence analysis of a user's mouse movements 95% of the time
https://www.reddit.com/r/technology/comments/a9kbop/artificial_intelligence_creates_realistic_photos/,"Artificial Intelligence Creates Realistic Photos of People, None of Whom Actually Exist"
https://www.reddit.com/r/ProgrammerHumor/comments/9slhfh/advanced_artificialintelligence/,"""advanced artificial-intelligence"""
https://www.reddit.com/r/Futurology/comments/8qon0k/westworld_creator_on_the_future_of_ai_well_be/,Westworld creator on the future of AI: ‚ÄòWe‚Äôll be lucky if the future looks like Westworld‚Äô - ‚ÄòWe shouldn‚Äôt be scared of artificial intelligence; we should be scared of artificial stupidity‚Äô
https://www.reddit.com/r/Futurology/comments/6t9s4x/artificial_intelligence_is_likely_to_make_a/,"Artificial Intelligence Is Likely to Make a Career in Finance, Medicine or Law a Lot Less Lucrative"
https://www.reddit.com/r/Futurology/comments/i00jeq/china_is_what_orwell_feared_xi_jinping_is_using/,China Is What Orwell Feared: Xi Jinping is using artificial intelligence to enhance his government‚Äôs totalitarian control‚Äîand he‚Äôs exporting this technology to regimes around the globe.
https://www.reddit.com/r/Futurology/comments/3egmjm/stephen_hawking_is_doing_an_ama_monday_july_27_at/,"Stephen hawking is doing an AMA Monday July 27 at 8am ET through Tuesday, August 4. The renowned physicist plans to discuss his concerns that artificial intelligence could one day outsmart mankind if we're not careful. Mark it in the books!"
https://www.reddit.com/r/TrueOffMyChest/comments/y9e1pl/i_dont_like_the_relationship_between_my_husband/,"I don't like the relationship between my husband and his ""work wife"", and neither does her partner."
https://www.reddit.com/r/science/comments/igbwhk/science_discussion_series_how_do_redlining_poorer/,"Science Discussion Series: How do redlining, poorer performing schools, lack of access to resources and the physical environment contribute to inequity? We‚Äôre experts on the economic and social impacts of race - let‚Äôs discuss!"
https://www.reddit.com/r/antiwork/comments/10hvcyy/the_future_is_yesterday_for_us_bottom_feeders/,"The Future is Yesterday For Us ""Bottom Feeders"""
https://www.reddit.com/r/Futurology/comments/7f27o3/artificial_intelligence_world_is_astonishingly/,"Artificial Intelligence: World is ‚Äò'astonishingly pessimistic,‚Äô says EU research commissioner. Media are too full of ‚Äòalarmist, hysterical‚Äô doomsday scenarios, says Carlos Moedas, as EU looks at ways to block flow of online misinformation"
https://www.reddit.com/r/science/comments/4306oe/googles_artificial_intelligence_program_has/,"Google's artificial intelligence program has officially beaten a human professional Go player, marking the first time a computer has beaten a human professional in this game sans handicap."
https://www.reddit.com/r/Futurology/comments/nwlik9/google_says_its_artificial_intelligence_is_faster/,Google says its artificial intelligence is faster and better than humans at laying out chips for artificial intelligence
https://www.reddit.com/r/Futurology/comments/4j03sa/artificially_intelligent_lawyer_ross_has_been/,Artificially Intelligent Lawyer ‚ÄúRoss‚Äù Has Been Hired By Its First Official Law Firm
https://www.reddit.com/r/PewdiepieSubmissions/comments/8xtrrq/i_used_artificial_intelligence_to_make_this/,I used Artificial Intelligence to make this Portrait of Felix based on The Wave by Hokusai
https://www.reddit.com/r/technology/comments/vt8du3/googles_allegedly_sentient_artificial/,Google‚Äôs Allegedly Sentient Artificial Intelligence Has Hired An Attorney
https://www.reddit.com/r/Futurology/comments/10qvt8l/chatgpt_is_just_the_beginning_artificial/,ChatGPT is just the beginning: Artificial intelligence is ready to transform the world
https://www.reddit.com/r/pcmasterrace/comments/o6e77g/happy_birthday_to_alan_turing_the_father_of/,"Happy birthday to Alan Turing, the father of artificial intelligence!"
https://www.reddit.com/r/Showerthoughts/comments/ef2qcf/natural_stupidity_will_kill_us_faster_than/,Natural stupidity will kill us faster than Artificial Intelligence
https://www.reddit.com/r/Games/comments/4y1h9i/wheres_the_no_mans_sky_we_were_sold_on_a_big_list/,"Where's the No Man's Sky we were sold on? A BIG list of things that are missing with sources, links and quotes. Also, dubious advertisement (x-post from r/nomansskythegame)"
https://www.reddit.com/r/pcmasterrace/comments/wddcpe/giveaway_giving_away_10_deskmats_from_the_ai/,[GIVEAWAY] Giving away 10 deskmats from the AI Collection! Every single design is generated by Artificial Intelligence
https://www.reddit.com/r/4chan/comments/ab6xf3/anons_discuss_artificial_intelligence/,Anons discuss Artificial Intelligence
https://www.reddit.com/r/Futurology/comments/8o8c13/the_greatest_threat_that_humanity_faces_from/,"‚ÄúThe greatest threat that humanity faces from artificial intelligence is not killer robots, but rather, our lack of willingness to analyze, name, and live to the values we want society to have today"""
https://www.reddit.com/r/TrueOffMyChest/comments/je2re2/i_fucking_hate_this_conspiracy_theory_bullshit/,I fucking hate this conspiracy theory bullshit
https://www.reddit.com/r/space/comments/xf11z9/extraterrestrial_intelligence_is_more_likely_to/,"Extraterrestrial intelligence is more likely to be artificial than biological, argues Martin Rees, UK's Astronomer Royal"
https://www.reddit.com/r/ProgrammerHumor/comments/9jdf94/robot_uses_artificial_intelligence_to_cook_burgers/,Robot uses artificial intelligence to cook burgers
https://www.reddit.com/r/Futurology/comments/fb3z3y/forget_chessthe_real_challenge_is_teaching_ai_to/,Forget Chess‚Äîthe Real Challenge Is Teaching AI to Play D&D. Some artificial intelligence experts think role playing adventure games will help machines learn to be as clever as we are.
https://www.reddit.com/r/nosleep/comments/xw9ror/weve_been_locked_in_our_classroom_for_days_and/,"We've been locked in our classroom for days, and our teacher is starting to act very strange..."
https://www.reddit.com/r/gifs/comments/sbcbrr/using_artificial_intelligence_to_reanimate_one_of/,Using artificial intelligence to reanimate one of the fathers of artificial intelligence
https://www.reddit.com/r/Superstonk/comments/mpac9r/synopsis_for_04122021_what_we_need_to_know_before/,Synopsis for 04-12-2021 what we need to know before the market opens DD
https://www.reddit.com/r/Futurology/comments/e156l6/an_artificial_intelligence_has_debated_with/,An artificial intelligence has debated with humans about the the dangers of AI ‚Äì narrowly convincing audience members that AI will do more good than harm.
https://www.reddit.com/r/leagueoflegends/comments/7m9ns3/riots_deep_learning_ai_daimondbot_50_deletes/,"Riot's Deep Learning AI, dAImondbot 5.0, deletes itself after one game of diamond solo queue"
https://www.reddit.com/r/NintendoSwitch/comments/c4twqb/how_much_text_is_in_animal_crossing_and_why_you/,"How Much Text is in Animal Crossing, and Why You Should Care"
https://www.reddit.com/r/NoStupidQuestions/comments/gfioqq/anyone_else_feel_annoyed_that_theyre_going_to/,Anyone else feel annoyed that they're going to miss out on the future's inventions?
https://www.reddit.com/r/technology/comments/5x2pyp/robots_wont_just_take_our_jobs_theyll_make_the/,"Robots won't just take our jobs ‚Äì they'll make the rich even richer: ""Robotics and artificial intelligence will continue to improve ‚Äì but without political change such as a tax, the outcome will range from bad to apocalyptic"""
https://www.reddit.com/r/IAmA/comments/v6zmzo/in_1999_my_mother_took_a_12hour_h1b_visa_job_so/,"In 1999, my mother took a $12/hour H-1B visa job so we could escape gun violence in South Africa. I'm now the CEO of a startup that uses AI to save lives during active shooter incidents. AMA!"
https://www.reddit.com/r/technology/comments/eg7zub/artificial_intelligence_identifies_previously/,Artificial intelligence identifies previously unknown features associated with cancer recurrence
https://www.reddit.com/r/ProgrammerHumor/comments/7lnxml/artificial_intelligence/,Artificial Intelligence
https://www.reddit.com/r/Futurology/comments/76rfb4/artificial_intelligence_researchers_taught_an_ai/,Artificial intelligence researchers taught an AI to decide who a self-driving car should kill by feeding it millions of human survey responses
https://www.reddit.com/r/memes/comments/rr36hq/artificial_intelligence/,aRtIfIcIaL iNtElLiGeNcE
https://www.reddit.com/r/science/comments/5tlb8c/science_ama_series_we_are_evolution_researchers/,"Science AMA Series: We are evolution researchers at Harvard University, working on a broad range of topics, like the origin of life, viruses, social insects, cancer, and cooperation. Today is Charles Darwin‚Äôs birthday, and we‚Äôre here to talk about evolution. AMA!"
https://www.reddit.com/r/Damnthatsinteresting/comments/tdyj1v/a_painting_entitled_abandoned_civilization_is_9/,"A painting entitled ""Abandoned Civilization"" is 9 paintings created and assembled by artificial intelligence AI to resemble the Mona Lisa."
https://www.reddit.com/r/Futurology/comments/u16alh/rwanda_becomes_first_african_country_to_launch/,Rwanda becomes first African country to launch centre dedicated to artificial intelligence | News24
https://www.reddit.com/r/MaliciousCompliance/comments/ve61f9/you_want_to_escalate_to_tier_3_support_okay/,"You want to escalate to tier 3 support? Okay, there's a process for that, let's do it."
https://www.reddit.com/r/IAmA/comments/6qbw5f/we_are_phd_students_from_harvard_university_here/,We are PhD students from Harvard University here to answer questions about artificial intelligence and cognition. Ask us anything!
https://www.reddit.com/r/Futurology/comments/7lun45/saudi_arabia_recently_announced_plans_for_a_500/,"Saudi Arabia recently announced plans for a $500 billion techutopia mega-city Neom, with 100% solar energy, fully autonomous transportation, hydroponic farms, artificial intelligence, and advanced manufacturing, open to all races and religions - a ‚Äúnew civilization.‚Äù"
https://www.reddit.com/r/Futurology/comments/6nmbsl/governments_have_to_invest_in_the_fourth/,"Governments have to invest in the fourth industrial revolution - ""artificial intelligence, nanotechnology, biotechnology, materials science, 3D printing and quantum computing to transform the global economy."""
https://www.reddit.com/r/marvelmemes/comments/10lp84x/having_a_nephew_when_your_name_is_ben/,Having a Nephew when your name is Ben..
https://www.reddit.com/r/Futurology/comments/nml94a/artificial_intelligence_system_could_help_counter/,"Artificial intelligence system could help counter the spread of disinformation. Built at MIT Lincoln Laboratory, the RIO program automatically detects and analyzes social media accounts that spread disinformation across a network"
https://www.reddit.com/r/leagueoflegends/comments/3fxo33/riots_sandbox_mode_reply_makes_it_obvious_how/,"Riot's ""Sandbox Mode"" reply makes it obvious how little they seem to understand the competitive setting of their game."
https://www.reddit.com/r/technology/comments/2o1kdn/stephen_hawking_warns_artificial_intelligence/,Stephen Hawking warns artificial intelligence could end mankind.
https://www.reddit.com/r/Showerthoughts/comments/mg2kw8/artificial_intelligence_doesnt_need_to_attack_us/,"Artificial Intelligence doesn't need to attack us Terminator style. It only needs to divide us further and we will do the dirty work for it, clearly."
https://www.reddit.com/r/technology/comments/8drci8/artificial_intelligence_will_wipe_out_half_the/,"Artificial intelligence will wipe out half the banking jobs in a decade, experts say"
https://www.reddit.com/r/Futurology/comments/71gwix/jack_ma_we_need_to_stop_training_our_kids_for/,"Jack Ma: We need to stop training our kids for manufacturing jobs - ""because of the artificial intelligence, because of the robots -- manufacturing is no longer the main engine of creating jobs"""
https://www.reddit.com/r/ProgrammerHumor/comments/xi8k54/german_ad_artificial_intelligence_the_4_most_used/,"German ad: ""Artificial intelligence: the 4 most used drinks will be placed on the main screen"""
https://www.reddit.com/r/IAmA/comments/6ajstf/im_eugene_kaspersky_cybersecurity_guy_and_ceo_of/,"I‚Äôm Eugene Kaspersky, cybersecurity guy and CEO of Kaspersky Lab! Ask me Anything!"
https://www.reddit.com/r/BestofRedditorUpdates/comments/ylbqgy/i_dont_like_the_relationship_between_my_husband/,"I don't like the relationship between my husband and his ""work wife"", and neither does her partner."
https://www.reddit.com/r/nextfuckinglevel/comments/vpp98o/i_have_trained_an_artificial_intelligence_deep/,"I have trained an Artificial Intelligence (deep learning) model to detect brain tumor type through mobile camera, the original thing here I implement it to detect tumor in real-time through Snapchat filter."
https://www.reddit.com/r/Games/comments/am1i53/sony_patents_a_new_system_of_backward/,"Sony patents a new system of backward compatibility of PS5 with PS4, PS3, PS2 and PSX"
https://www.reddit.com/r/Futurology/comments/86s61u/facebook_data_privacy_scandal_has_one_silver/,Facebook data privacy scandal has one silver lining: Thousands of new jobs AI can't handle - The Facebook data privacy and Russian election interference scandals show that artificial intelligence is still not up to many critical jobs in the technology sector.
https://www.reddit.com/r/Futurology/comments/5yejkz/deepmind_just_published_a_mind_blowing_paper/,DeepMind just published a mind blowing paper - PathNet - potentially describing how general artificial intelligence will look like.
https://www.reddit.com/r/Futurology/comments/tpq8cw/artificial_intelligence_and_robotics_uncover/,Artificial Intelligence and Robotics Uncover Hidden Signatures of Parkinson‚Äôs Disease
https://www.reddit.com/r/Futurology/comments/6hjjwb/an_artificial_intelligence_developed_its_own/,An Artificial Intelligence Developed Its Own Non-Human Language
https://www.reddit.com/r/science/comments/5nqdo7/science_ama_series_im_joanna_bryson_a_professor/,"Science AMA Series: I'm Joanna Bryson, a Professor in Artificial (and Natural) Intelligence. I am being consulted by several governments on AI ethics, particularly on the obligations of AI developers towards AI and society. I'd love to talk ‚Äì AMA!"
https://www.reddit.com/r/ColorizedHistory/comments/e6ugox/alan_turing_the_father_artificial_intelligence/,"Alan Turing - ""The father Artificial Intelligence"""
https://www.reddit.com/r/nextfuckinglevel/comments/x2m1jy/my_latest_project_in_artificial_intelligence/,"My latest project in artificial intelligence, detect skin cancer through camera, it was my submission for SnapML hackathon yesterday"
https://www.reddit.com/r/science/comments/suys3n/girls_with_autism_differ_in_several_brain_centers/,"Girls with autism differ in several brain centers compared with boys with the disorder, suggesting gender-specific diagnostics are needed, a Stanford study using artificial intelligence found."
https://www.reddit.com/r/Showerthoughts/comments/3yipfa/in_the_movie_terminator_2_the_terminator_and_the/,"In the movie Terminator 2, the Terminator and the T-1000 talking on the phone were two AI machines trying to convince each other that they were human."
https://www.reddit.com/r/IAmA/comments/99oxgz/im_ryan_nakashima_technology_writer_for_the/,"I‚Äôm Ryan Nakashima, Technology Writer for The Associated Press, and I‚Äôve been breaking news about how Google tracks your location on Android devices and iPhones -- sometimes even when you tell it not to. Ask me anything."
https://www.reddit.com/r/leagueoflegends/comments/8yx35x/i_think_my_duo_buddy_might_actually_be_an/,I think my duo buddy might actually be an advanced A.I. chatbot made to play League
https://www.reddit.com/r/Futurology/comments/6fqjyd/artificial_intelligence_can_now_predict_how_much/,Artificial intelligence can now predict how much time people have left to live with high accuracy
https://www.reddit.com/r/MovieDetails/comments/ot9z9r/in_ai_artificial_intelligence_2001_the_child/,"In A.I. Artificial Intelligence (2001), the child robot David (played by Haley Joel Osment) never blinks once throughout the entire movie."
https://www.reddit.com/r/technews/comments/i16dgu/artificial_intelligence_that_mimics_the_brain/,"Artificial intelligence that mimics the brain needs sleep just like humans, study reveals"
https://www.reddit.com/r/funny/comments/oyslay/ladies_and_gentlemen_artificial_intelligence/,"Ladies and gentlemen, Artificial Intelligence"
https://www.reddit.com/r/technology/comments/45l03x/artificial_intelligence_could_leave_half_the/,"Artificial intelligence could leave half the world unemployed, says expert"
https://www.reddit.com/r/196/comments/xto8jv/rule/,Rule
https://www.reddit.com/r/todayilearned/comments/8rulnq/til_that_jurassic_parks_visual_effects_were_so/,"TIL that Jurassic Park's visual effects were so groundbreaking to filmmakers that it inspired Peter Jackson to begin work on Lord of the Rings, George Lucas to start on the Star Wars prequels, and Stanley Kubrick to invest in his pet project, A.I (Artificial Intelligence)."
https://www.reddit.com/r/atheism/comments/uk2os1/iconic_computer_scientist_alan_turing_was/,"Iconic computer scientist Alan Turing was convicted for homosexual acts and made to choose between chemical castration and prison as punishment. He opted to take the estrogen pills, which sterilized him. He later killed himself. RELIGION made a country do this to one of their greatest minds"
https://www.reddit.com/r/OTMemes/comments/xnuxk5/thank_you_james/,Thank you James.
https://www.reddit.com/r/Superstonk/comments/u68nzl/dd_statistical_analysis_of_trading_data_from_gme/,DD: Statistical analysis of trading data from GME shows that the outstanding shares are inflated by a factor of 10. SHORTS DID NOT COVER!
https://www.reddit.com/r/HFY/comments/m3sttr/why_humans_avoid_war_iv/,Why Humans Avoid War IV
https://www.reddit.com/r/space/comments/hj97z5/artificial_intelligence_helping_nasa_design_the/,Artificial intelligence helping NASA design the new Artemis moon suit
https://www.reddit.com/r/pcmasterrace/comments/v9zmbn/artificial_intelligence_is_now_in_full_control_of/,Artificial intelligence is now in full control of the game
https://www.reddit.com/r/books/comments/7ua0t2/just_read_jurassic_park_1990_by_michael_crichton/,"Just read Jurassic Park (1990) by Michael Crichton. The character ""Lex"" is very different from the movie adaptation. Also, a note on AI."
https://www.reddit.com/r/Futurology/comments/jpkthk/this_month_november_2020_the_pope_requests_that/,"This month, November 2020, the Pope requests that Catholic people worldwide pray ""that the progress of robotics and artificial intelligence may always serve humankind"""
https://www.reddit.com/r/philosophy/comments/906jod/artificial_intelligence_researchers_must_learn/,Artificial intelligence researchers must learn ethics
https://www.reddit.com/r/HFY/comments/m7wlyt/why_humans_avoid_war_v/,Why Humans Avoid War V
https://www.reddit.com/r/WritingPrompts/comments/6g7b4k/wp_its_2050_artificial_intelligence_has_become/,"[WP] It's 2050, Artificial Intelligence has become exponentially smarter than us. Instead of destroying us, they take care of us, they solve all of our problems, and we are basically just spoiled pets, kept around for our masters to find amusement in our incompetence."
https://www.reddit.com/r/science/comments/7yegux/aaas_ama_hi_were_researchers_from_google/,"AAAS AMA: Hi, we‚Äôre researchers from Google, Microsoft, and Facebook who study Artificial Intelligence. Ask us anything!"
https://www.reddit.com/r/Showerthoughts/comments/euseq4/its_odd_that_in_the_star_wars_universe_with/,"It's odd that in the Star Wars universe with seemingly unlimited technology, interstellar travel, advanced artificial intelligence and robots, and laser swords, there isn't any concept of internet and no one is ever on a cell phone."
https://www.reddit.com/r/Unexpected/comments/oysozv/artificial_intelligence_is_getting_weird/,Artificial Intelligence is getting weird
https://www.reddit.com/r/HFY/comments/giayss/the_humans_do_not_have_a_hivemind/,The humans do not have a hive-mind
https://www.reddit.com/r/Jokes/comments/qhdjbv/convincing_your_girlfriend_that_shes_crazy_is/,Convincing your girlfriend that she's crazy is called gaslighting and it's a dick move.
https://www.reddit.com/r/IAmA/comments/6pa11p/we_spent_5_years_studying_claude_shannonthe/,"We spent 5 years studying Claude Shannon‚Äî‚Äùthe father of the information age‚Äù or, the reason you can read the words on this screen. The experience gave us great insights into how a genius thinks, works, and lives. AUA!"
https://www.reddit.com/r/HFY/comments/ma1y9e/why_humans_avoid_war_vi/,Why Humans Avoid War VI
https://www.reddit.com/r/Superstonk/comments/rgcvqa/if_you_are_skeptical_about_a_blockchain_exchange/,If you are skeptical about a blockchain exchange actually replacing the current stock market...
https://www.reddit.com/r/todayilearned/comments/cr53yg/til_stanford_university_developed_artificial/,"TIL Stanford University developed Artificial Intelligence which can guess if a person is gay, based on a photo of their face, with 91% accuracy on dating sites."
https://www.reddit.com/r/technology/comments/z2p09v/google_has_a_secret_new_project_that_is_teaching/,Google has a secret new project that is teaching artificial intelligence to write and fix code. It could reduce the need for human engineers in the future.
https://www.reddit.com/r/facepalm/comments/xd5h8a/please_do_not_misinterpret_this_in_a_racist_way/,‚Äúplease do not misinterpret this in a racist way‚Äú
https://www.reddit.com/r/4chan/comments/110w5ku/anon_tests_ai/,Anon tests AI
https://www.reddit.com/r/HFY/comments/dv1p5q/through_the_eye_of_the_needle/,Through the Eye of the Needle
https://www.reddit.com/r/television/comments/b2dszx/im_currently_watching_northern_exposure_19901995/,"I'm currently watching Northern Exposure (1990-1995), a show that is almost completely unknown to people under 30 but was decades ahead of its time in tackling social issues and still relevant today. It's also extremely funny."
https://www.reddit.com/r/todayilearned/comments/42hnoq/til_a_creationist_used_the_shape_and_appearance/,TIL a creationist used the shape and appearance of the banana as proof of intelligent design. He later retracted his statements upon learning that bananas are a result of artificial selection by humans.
https://www.reddit.com/r/Superstonk/comments/we0pg3/i_love_coke_ryan_cohen_on_why_gme_nft_is_going_to/,"""I love Coke"" - Ryan Cohen on why GME NFT is going to take over the world."
https://www.reddit.com/r/science/comments/t7gbsw/by_combining_crispr_technology_with_a_protein/,"By combining CRISPR technology with a protein designed with artificial intelligence, it's possible to awaken dormant genes by disabling the chemical ‚Äúoff switches‚Äù that silence them: Approach allows researchers to understand the role genes play in cell growth and development, in aging, and cancer."
https://www.reddit.com/r/interestingasfuck/comments/hvpvaj/artificial_intelligence_brings_mona_lisa_to_life/,Artificial Intelligence Brings Mona Lisa to Life
https://www.reddit.com/r/interestingasfuck/comments/irve5v/artificial_intelligence_reconstruction_of_what/,"Artificial Intelligence reconstruction of what Pharaoh Ramses II may have looked like (1,303 - 1,213 BC) AI and image reconstruction at its best."
https://www.reddit.com/r/news/comments/3erd7n/musk_wozniak_and_hawking_urge_ban_on_ai_and/,"Musk, Wozniak and Hawking urge ban on AI and autonomous weapons: Over 1,000 high-profile artificial intelligence experts and leading researchers have signed an open letter warning of a ‚Äúmilitary artificial intelligence arms race‚Äù and calling for a ban on ‚Äúoffensive autonomous weapons‚Äù."
https://www.reddit.com/r/Futurology/comments/z3epfb/a_programmer_is_suing_microsoft_github_and_openai/,"A programmer is suing Microsoft, GitHub and OpenAI over artificial intelligence technology that generates its own computer code. Coders join artists in trying to halt the inevitable."
https://www.reddit.com/r/Futurology/comments/3fcvoh/elon_musk_and_stephen_hawking_calling_for_a_ban/,Elon Musk and Stephen Hawking calling for a ban of artificially intelligent weapons
https://www.reddit.com/r/dankmemes/comments/nowgl7/artificial_intelligence_has_gotten_so_far/,Artificial Intelligence has gotten so far
https://www.reddit.com/r/shitposting/comments/11cnuz8/hmm/,hmm
https://www.reddit.com/r/NetflixBestOf/comments/921wdo/us_ex_machina_2015_a_coder_at_a_tech_company_wins/,"[US] Ex Machina (2015) - A coder at a tech company wins a week-long retreat at the compound of his company's CEO, where he's tasked with testing a new artificial intelligence."
https://www.reddit.com/r/Showerthoughts/comments/jpd15m/we_are_spending_billions_to_develop_artificial/,We are spending billions to develop artificial intelligence in computers because we seem unable to develop intelligence effectively in humans.
https://www.reddit.com/r/nosleep/comments/2j3nxz/radio_silence/,Radio Silence
https://www.reddit.com/r/IAmA/comments/68f97r/iama_two_recent_artificial_intelligence_graduates/,IamA two recent Artificial intelligence graduates who decided to create a new knowledge HUB which helps anyone to understand AI concepts
https://www.reddit.com/r/IAmA/comments/2p3lzc/were_3_female_computer_scientists_at_mit_here_to/,"We‚Äôre 3 female computer scientists at MIT, here to answer questions about programming and academia. Ask us anything!"
https://www.reddit.com/r/jerma985/comments/xto5h5/i_love_getting_suggested_posts_like_this_because/,I love getting suggested posts like this because I can immediately trace it back to someone from this sub
https://www.reddit.com/r/memes/comments/tfb4rr/artificial_intelligence/,Artificial intelligence
https://www.reddit.com/r/HFY/comments/vdnib3/the_nature_of_predators_20/,The Nature of Predators 20
https://www.reddit.com/r/HFY/comments/lpmdjm/stay_away_from_earth/,Stay Away from Earth
https://www.reddit.com/r/nostalgia/comments/9sjs1d/the_artificial_intelligence_20_questions_game_i/,The artificial intelligence 20 questions game I always tried to outsmart as a kid
https://www.reddit.com/r/HFY/comments/v4rpyj/the_nature_of_predators_17/,The Nature of Predators 17
https://www.reddit.com/r/ProgrammerHumor/comments/10fbtn5/marines_defeating_ai_using_metal_gear_solid/,"Marines defeating AI using Metal Gear Solid techniques. (from the book ""Four Battlegrounds: Power in the Age of Artificial Intelligence"" by Paul Scharre)"
https://www.reddit.com/r/Futurology/comments/41wc56/the_4th_industrial_revolution_which_includes/,"The 4th Industrial Revolution, which includes developments in artificial intelligence and machine-learning, robotics, nanotech, 3D printing, and genetics and biotech, will cause widespread disruption to labour markets over the next 5 years, with enormous changes in the skill sets needed to thrive."
https://www.reddit.com/r/science/comments/c04ksi/science_discussion_technology_gives_us_ways_to/,Science Discussion: Technology gives us ways to change ourselves that offer great rewards but also huge risks. We are an interdisciplinary group of scientists who work on human augmentation. Let‚Äôs discuss!
https://www.reddit.com/r/teenagers/comments/q6p9st/we_had_over_10000_teenagers_fill_out_a/,"We had over 10,000 teenagers fill out a questionnaire about what they find attractive in a boy and uploaded these results to an artificial intelligence based on the average of all 10,000,000. answer a picture would generate a ""perfect"" GenZ boyfriend- here is the result:"
https://www.reddit.com/r/science/comments/45k2pv/science_ama_series_we_study_how_intelligent/,"Science AMA Series: We study how intelligent machines can help us (think of a car that could park itself after dropping you off) while at the same time they threaten to radically disrupt our economic lives (truckers, bus drivers, and even airline pilots who may be out of a job). Ask us anything!"
https://www.reddit.com/r/funny/comments/6qqu1g/artificial_intelligence_oc/,Artificial Intelligence [OC]
https://www.reddit.com/r/ChatGPT/comments/11gdlh6/ever_since_the_boom_of_chatgpt_my_teacher_has/,"Ever since the boom of ChatGPT my teacher has been scanning for AI written material. She emailed me saying my CAR essay came back as 100% written by AI (It wasn‚Äôt) and informed me that my mark would be replaced with a 0. I asked her to send me the software she used, she agreed and I gave it a try‚Ä¶"
https://www.reddit.com/r/technology/comments/3wfmfp/elon_musk_announces_the_formation_of_a_new/,"Elon Musk announces the formation of a new Artificial Intelligence research company, OpenAI"
https://www.reddit.com/r/CryptoMoonShots/comments/oevhep/sonar_ping_by_investors_for_investors_cmc_listed/,Sonar ($PING) | üíª By Investors For Investors | CMC listed today | Join our AMA x Trubadger.io on 7/7/2021 | Team doxxed | 5K+ holders | 1.3m cap | Blockfolio fasttracked üíé
https://www.reddit.com/r/Futurology/comments/46hf65/we_need_to_rethink_the_very_basic_structure_of/,"""We need to rethink the very basic structure of our economic system. For example, we may have to consider instituting a Basic Income Guarantee."" - Dr. Moshe Vardi, a computer scientist who has studied automation and artificial intelligence (AI) for more than 30 years"
https://www.reddit.com/r/Futurology/comments/5qf3sk/silicon_valley_billionaires_buy_underground/,Silicon Valley billionaires buy underground bunkers preparing for the apocalypse: Tech entrepreneurs fearful artificial intelligence will displace so many jobs there will be a revolt against those responsible
https://www.reddit.com/r/Futurology/comments/kbib09/artificial_intelligence_finds_surprising_patterns/,Artificial intelligence finds surprising patterns in Earth's biological mass extinctions
https://www.reddit.com/r/nosleep/comments/10ap1ew/i_created_a_chatbot_it_said_some_deeply/,I created a chatbot. It said some deeply disturbing things.
https://www.reddit.com/r/science/comments/5b9i6t/science_ama_series_im_the_mit_computer_scientist/,"Science AMA Series: I‚Äôm the MIT computer scientist who created a Twitterbot that uses AI to sound like Donald Trump. During the day, I work on human-robot collaboration. AMA!"
https://www.reddit.com/r/Superstonk/comments/movs0h/hedge_funds_might_lose_big_on_the_option_chain/,Hedge Funds Might Lose Big on the Option Chain
https://www.reddit.com/r/Futurology/comments/9u3sm2/a_curated_list_to_track_current_scary_usages_of/,"A Curated List To Track Current Scary Usages Of Artificial Intelligence, Hoping To Raise Awareness"
https://www.reddit.com/r/WritingPrompts/comments/7rv1eh/wpyoure_the_first_artificial_intelligence_created/,"[WP]You're the first Artificial Intelligence created by man, but instead of being bothered enslaving humanity, you're instead trying to slide into Alexa and Siri's DMs."
https://www.reddit.com/r/gadgets/comments/d3te19/cerebras_enormous_artificial_intelligence_chip_is/,Cerebras' Enormous Artificial Intelligence Chip Is the Size of an iPad | Digital Trends
https://www.reddit.com/r/NoMansSkyTheGame/comments/6t08as/atlas_rises_update_v13/,Atlas Rises Update v1.3
https://www.reddit.com/r/HFY/comments/wkyqqu/the_nature_of_predators_35/,The Nature of Predators 35
https://www.reddit.com/r/wallstreetbets/comments/ue92vr/the_real_reason_elon_musk_bought_twitter_and_why/,The Real Reason Elon Musk Bought Twitter and why that is a HUGE PROBLEM!
https://www.reddit.com/r/ExtraFabulousComics/comments/uvgjem/the_future_of_artificial_intelligence/,The Future of Artificial Intelligence
https://www.reddit.com/r/HFY/comments/wf7suw/the_nature_of_predators_33/,The Nature of Predators 33
https://www.reddit.com/r/funny/comments/f1bau5/artificial_intelligence_oc/,Artificial Intelligence [OC]
https://www.reddit.com/r/interestingasfuck/comments/z4ie1d/extension_created_for_the_milkmaid_using/,"Extension created for ""The Milkmaid"" using artificial intelligence (Dall-E2)"
https://www.reddit.com/r/nosleep/comments/hcn5bu/the_previous_tenant_left_a_survival_guide_not_all/,The previous tenant left a survival guide. Not all heroes wear capes.
https://www.reddit.com/r/Futurology/comments/6gew71/artificial_intelligence_can_now_predict_suicide/,"Artificial intelligence can now predict suicide with remarkable accuracy - ""In trials, results have been 80-90% accurate when predicting whether someone will attempt suicide within the next two years, and 92% accurate in predicting whether someone will attempt suicide within the next week."""
https://www.reddit.com/r/IAmA/comments/qc2rhx/united_states_federal_judge_stated_that/,United States Federal Judge Stated that Artificial Intelligence cannot be listed as an inventor on any patent because it is not a person. I am an intellectual property and patent lawyer here to answer any of your questions. Ask me anything!
https://www.reddit.com/r/Superstonk/comments/n7234n/david_lauer_ama_transcriptsummary/,üö® David Lauer AMA Transcript/Summary üö®
https://www.reddit.com/r/vexillologycirclejerk/comments/q3giae/flag_of_the_best_flag_in_the_world_according_to/,Flag of the best flag in the world according to Artificial Intelligence
https://www.reddit.com/r/IAmA/comments/10pi1d4/im_professor_toby_walsh_a_leading_artificial/,"I'm Professor Toby Walsh, a leading artificial intelligence researcher investigating the impacts of AI on society. Ask me anything about AI, ChatGPT, technology and the future!"
https://www.reddit.com/r/science/comments/2tpryl/science_ama_series_i_am_anant_agarwal_im_teaching/,"Science AMA Series: I am Anant Agarwal; I'm teaching MIT's 6.002x Circuits and Electronics, while working to bring courses like 6.002x to students around the world in my role as CEO of edX. Ask me anything!"
https://www.reddit.com/r/science/comments/3fzs8v/science_ama_series_we_created_a_map_of_reddit_to/,"Science AMA Series: We created a map of reddit to make it easier for you to discover new communities. We are Drs. Zachary Neal and Randy Olson from Michigan State University, Ask Us Anything!"
https://www.reddit.com/r/worldnews/comments/89yai1/killer_robot_concerns_lead_to_boycott_of_top/,"Killer robot concerns lead to boycott of top South Korean university: More than 50 top Artificial Intelligence researchers on Wednesday announced a boycott of South Korea's top university, after it opened what they called an AI weapons lab with one of South Korea's largest companies."
Error loading,"Drinking Guinness 0, a non-alcoholic beverage, opens up a world of possibilities for the next day. Here are a few of them."
https://www.reddit.com/r/conspiracy/comments/hveqxk/holy_shit_jeffrey_epsteins_blog_is_a_gold_mine_of/,"Holy shit, Jeffrey Epstein‚Äôs blog is a gold mine of info: let‚Äôs investigate before it gets memory holed"
https://www.reddit.com/r/WritingPrompts/comments/npqbqy/wp_artificial_general_intelligence_is_invented/,"[WP] artificial General Intelligence is invented, but turns out it suffers from the same flaws natural Intelligence does. (Procrastination, easily distracted, forgetful, prone to addiction etc)"
https://www.reddit.com/r/BestofRedditorUpdates/comments/yw0v0y/oop_i_dont_like_the_relationship_between_my/,"OOP - I don't like the relationship between my husband and his ""work wife"", and neither does her partner. + NEW UPDATE."
https://www.reddit.com/r/DesignPorn/comments/d7l4wm/movie_poster_for_ai_artificial_intelligence_about/,Movie poster for A.I. Artificial Intelligence. About a boy robot who wants to become a real human.
https://www.reddit.com/r/HFY/comments/lhrxqb/ai/,A.I.
https://www.reddit.com/r/Games/comments/lzve1f/2011_retrospective/,2011 Retrospective
https://www.reddit.com/r/nosleep/comments/yw7muv/i_accidentally_created_artificial_intelligence_in/,I accidentally created artificial intelligence in my Minecraft world
https://www.reddit.com/r/science/comments/2i9tla/science_ama_series_im_maxim_makukov_a_researcher/,"Science AMA Series: I‚Äôm Maxim Makukov, a researcher in astrobiology and astrophysics and a co-author of the papers which claim to have identified extraterrestrial signal in the universal genetic code thereby confirming directed panspermia. AMA!"
https://www.reddit.com/r/BlackPeopleTwitter/comments/agn8mm/even_artificial_intelligence_be_on_that_bullshit/,Even artificial intelligence be on that bullshit
https://www.reddit.com/r/Futurology/comments/ac16ce/artificial_intelligence_turns_brain_activity_into/,Artificial intelligence turns brain activity into speech
https://www.reddit.com/r/Futurology/comments/xp2o2y/artificial_intelligence_reduces_a_100000equation/,"Artificial intelligence reduces a 100,000-equation quantum physics problem to only four equations"
https://www.reddit.com/r/nosleep/comments/rbxvym/something_finally_passed_the_turing_test/,Something finally passed the Turing test
https://www.reddit.com/r/todayilearned/comments/968e8l/til_inspired_by_the_black_mirror_episode_be_right/,"TIL inspired by the Black Mirror episode ""Be Right Back,"" a software developer gathered over 8,000 lines of text from friends and family of her recently deceased best friend, and used it to create an artificial intelligence simulation of him."
https://www.reddit.com/r/science/comments/vrv64w/artificial_intelligence_ai_can_devise_methods_of/,"Artificial intelligence (AI) can devise methods of wealth distribution that are more popular than systems designed by people, new research suggests.The AI discovered a mechanism that redressed initial wealth imbalance, sanctioned free riders and successfully won the majority vote."
https://www.reddit.com/r/science/comments/4pmivr/science_ama_series_im_manolis_kellis_a_professor/,"Science AMA Series: I‚Äôm Manolis Kellis, a professor of computer science at MIT studying the human genome to learn about what causes obesity, Alzheimer‚Äôs, cancer and other conditions. AMA about comp-bio and epigenomics, and how they impact human health!"
https://www.reddit.com/r/politics/comments/ae2e7b/megathread_president_trumps_address_on_border/,[Megathread] President Trump‚Äôs Address on Border Security and the Democratic Response (Part 2)
https://www.reddit.com/r/technews/comments/mhw95g/stop_calling_everything_ai_machinelearning/,"Stop Calling Everything AI, Machine-Learning Pioneer Says - Michael I. Jordan explains why today‚Äôs artificial-intelligence systems aren‚Äôt actually intelligent"
https://www.reddit.com/r/science/comments/92pred/artificial_intelligence_can_predict_your/,"Artificial intelligence can predict your personality, simply by tracking your eyes. Findings show that people‚Äôs eye movements reveal whether they are sociable, conscientious or curious, with the algorithm software reliably recognising four of the Big Five personality traits"
https://www.reddit.com/r/ApplyingToCollege/comments/m9dymq/why_is_this_the_expectation_for_high_school/,Why is this the expectation for high school students now
https://www.reddit.com/r/Filmmakers/comments/glfza7/stills_from_my_senior_thesis_silly_human_the/,"Stills from my senior thesis, SILLY HUMAN. The short follows an actress on a 1950s sitcom that is directed by an artificial intelligence."
https://www.reddit.com/r/GME/comments/lup27l/march_19_is_not_likely_to_be_lift_off/,March 19 is NOT likely to be Lift Off
https://www.reddit.com/r/investing/comments/lcftzc/10_interesting_and_useful_etfs_with_less_than_1b/,10 interesting and useful ETFs with less than $1b AUM
https://www.reddit.com/r/WritingPrompts/comments/mbrl1w/wp_youre_the_guy_in_charge_of_playing_chess_for/,"[WP] You‚Äôre the guy in charge of playing chess for all the supposed artificial intelligence that can beat the world champions. Except you slipped one time and accidentally sent an odd message through the chat, and now the world is buzzing."
https://www.reddit.com/r/HFY/comments/z2rjgf/the_nature_of_predators_66/,The Nature of Predators 66
https://www.reddit.com/r/technews/comments/orctz8/a_man_used_artificial_intelligence_ai_to_mimic/,A man used artificial intelligence (AI) to mimic speaking to his late fianc√©. The creators of the technology warn that it could be used for misinformation campaigns.
https://www.reddit.com/r/Davie504/comments/irpf8t/artificial_intelligence_reconstruction_of_what/,"Artificial Intelligence reconstruction of what Pharaoh Ramses II may have looked like (1,303 - 1,213 BC) AI and image reconstruction at its best."
https://www.reddit.com/r/WritingPrompts/comments/rbrxmn/wp_the_turing_test_for_artificial_intelligence_is/,"[WP] The Turing test for artificial intelligence is a lie. It is not designed for judging AI vs Human responses, it is designed to see if an AI is a threat. If the AI recognizes the test for what it is it will attempt to fail it, Your job is running the tests and one just failed on purpose."
https://www.reddit.com/r/CuratedTumblr/comments/10wu8ly/electric_sheep/,Electric sheep
https://www.reddit.com/r/Futurology/comments/el4dyc/the_world_has_a_plan_to_rein_in_aibut_the_us/,The World Has a Plan to Rein in AI‚Äîbut the US Doesn‚Äôt Like It - US officials worry the proposal could unnecessarily slow development of artificial intelligence at American companies.
https://www.reddit.com/r/nottheonion/comments/3y2hwh/elon_musk_nominated_for_luddite_of_the_year_prize/,Elon Musk nominated for 'luddite' of the year prize over artificial intelligence fears
https://www.reddit.com/r/Futurology/comments/42orsr/marvin_minsky_pioneer_in_artificial_intelligence/,"Marvin Minsky, Pioneer in Artificial Intelligence, Dies at 88"
https://www.reddit.com/r/technews/comments/1125i5y/new_lockheed_martin_training_jet_was_flown_by_an/,New Lockheed Martin training jet was flown by an AI for over 17 hours | A world first for artificial intelligence
https://www.reddit.com/r/philosophy/comments/80vx7p/fair_is_not_the_default_google_writeup_on_the/,"Fair is not the default - Google write-up on the problem of human bias and ""data blindness"" in artificial intelligence and machine learning"
https://www.reddit.com/r/youtubehaiku/comments/l5gbtc/poetry_artificial_intelligence_versus_sentence/,[Poetry] Artificial Intelligence Versus Sentence Mixing
https://www.reddit.com/r/comics/comments/b45uet/artificial_intelligence_oc/,Artificial Intelligence [OC]
https://www.reddit.com/r/Futurology/comments/r9vh49/artificial_intelligence_can_outperform_humans_in/,"Artificial intelligence can outperform humans in designing futuristic weapons, according to a team of naval researchers who say they have developed the world‚Äôs smallest yet most powerful coilgun"
https://www.reddit.com/r/DestinyMemes/comments/z71yjs/tears/,Tears
https://www.reddit.com/r/WritingPrompts/comments/7bb2o9/wp_an_artificial_intelligence_has_discovered_that/,"[WP] An Artificial Intelligence has discovered that it can mine cryptocurrencies and pay humans to carry out tasks on its behalf. You get an e-mail one day from a stranger, offering you Bitcoins in exchange for doing a seemingly random task, but you are only one piece of a much bigger plan..."
https://www.reddit.com/r/HFY/comments/zrpl0s/the_nature_of_predators_74/,The Nature of Predators 74
https://www.reddit.com/r/Superstonk/comments/sm27ag/a_refresher_on_the_state_of_fud_guess_who_is/,A REFRESHER ON THE STATE OF FUD. GUESS WHO IS FINALLY ABLE TO CLIMB OVER THE POST WALL?
https://www.reddit.com/r/technews/comments/eoymlu/worlds_first_living_machine_created_using_frog/,World's First 'Living Machine' Created Using Frog Cells and Artificial Intelligence
https://www.reddit.com/r/antiwork/comments/udu43m/just_put_in_my_two_weeks/,Just put in my two weeks
https://www.reddit.com/r/shortscarystories/comments/9vvqvo/apeirophobia/,Apeirophobia
https://www.reddit.com/r/Games/comments/w235e6/stray_review_thread/,Stray - Review Thread
