,Username,Comment,Likes,Replies,Date,link
0,ERROR,ERROR,ERROR,ERROR,ERROR,https://www.youtube.com/shorts/SZOhzgvzYk4
1,ERROR,ERROR,ERROR,ERROR,ERROR,https://www.youtube.com/shorts/7cAjVdnUmi8
2,ERROR,ERROR,ERROR,ERROR,ERROR,https://www.youtube.com/shorts/OtTioc-G3K8
3,ERROR,ERROR,ERROR,ERROR,ERROR,https://www.youtube.com/shorts/HxyiAF1D36s
4,ERROR,ERROR,ERROR,ERROR,ERROR,https://www.youtube.com/shorts/EyUy64yLKZ8
5,ERROR,ERROR,ERROR,ERROR,ERROR,https://www.youtube.com/watch?v=7A7ZTZyoHhU
6,ERROR,ERROR,ERROR,ERROR,ERROR,https://www.youtube.com/shorts/GpAS21lHkSY
7,ERROR,ERROR,ERROR,ERROR,ERROR,https://www.youtube.com/watch?v=0pwzEwvQO3k
8,ERROR,ERROR,ERROR,ERROR,ERROR,https://www.youtube.com/shorts/Bv7eMjrgIM8
9,ERROR,ERROR,ERROR,ERROR,ERROR,https://www.youtube.com/shorts/Z-9KGBedtCA
10,ERROR,ERROR,ERROR,ERROR,ERROR,https://www.youtube.com/watch?v=uqMSVdZ5OhQ
11,ERROR,ERROR,ERROR,ERROR,ERROR,https://www.youtube.com/shorts/C9pksmwUIo4
12,ERROR,ERROR,ERROR,ERROR,ERROR,https://www.youtube.com/shorts/KLz0VpxlVTA
13,ERROR,ERROR,ERROR,ERROR,ERROR,https://www.youtube.com/shorts/ALM6B74PJK4
14,ERROR,ERROR,ERROR,ERROR,ERROR,https://www.youtube.com/watch?v=kij5nxP4hpo
15,ERROR,ERROR,ERROR,ERROR,ERROR,https://www.youtube.com/shorts/4nSP3M1RzAM
16,ERROR,ERROR,ERROR,ERROR,ERROR,https://www.youtube.com/shorts/FSV8Ma7At3g
17,ERROR,ERROR,ERROR,ERROR,ERROR,https://www.youtube.com/shorts/M14lIrwA-54
18,ERROR,ERROR,ERROR,ERROR,ERROR,https://www.youtube.com/shorts/Qni_VrUTS-g
19,ERROR,ERROR,ERROR,ERROR,ERROR,https://www.youtube.com/shorts/4hr0nFxFyi4
20,ERROR,ERROR,ERROR,ERROR,ERROR,https://www.youtube.com/watch?v=OcXQl9Khhm0
21,ERROR,ERROR,ERROR,ERROR,ERROR,https://www.youtube.com/watch?v=ZiV_KqJKrM4
22,ERROR,ERROR,ERROR,ERROR,ERROR,https://www.youtube.com/shorts/1F0LPTyyFJ0
23,ERROR,ERROR,ERROR,ERROR,ERROR,https://www.youtube.com/shorts/zpPhhnNS4cE
24,ERROR,ERROR,ERROR,ERROR,ERROR,https://www.youtube.com/shorts/8k6xk0u8BR4
25,ERROR,ERROR,ERROR,ERROR,ERROR,https://www.youtube.com/shorts/dSs3tXdtiuk
26,ERROR,ERROR,ERROR,ERROR,ERROR,https://www.youtube.com/watch?v=0FXIRWQXf90
27,ERROR,ERROR,ERROR,ERROR,ERROR,https://www.youtube.com/shorts/B1aGNU_2Wj8
28,ERROR,ERROR,ERROR,ERROR,ERROR,https://www.youtube.com/watch?v=hHAlit1CLlA
29,ERROR,ERROR,ERROR,ERROR,ERROR,https://www.youtube.com/watch?v=_wSHKGAPoyk
30,ERROR,ERROR,ERROR,ERROR,ERROR,https://www.youtube.com/watch?v=MUguxvP9Ttw
31,ERROR,ERROR,ERROR,ERROR,ERROR,https://www.youtube.com/watch?v=9cLuosoiNOs
32,ERROR,ERROR,ERROR,ERROR,ERROR,https://www.youtube.com/watch?v=tZxFMABAM0w
33,ERROR,ERROR,ERROR,ERROR,ERROR,https://www.youtube.com/shorts/841MZv4_sN4
34,ERROR,ERROR,ERROR,ERROR,ERROR,https://www.youtube.com/watch?v=U3rXkHTTrmo
35,ERROR,ERROR,ERROR,ERROR,ERROR,https://www.youtube.com/shorts/jQ6Pg9CsAxg
36,ERROR,ERROR,ERROR,ERROR,ERROR,https://www.youtube.com/watch?v=eKnIFx_sh8s
37,ERROR,ERROR,ERROR,ERROR,ERROR,https://www.youtube.com/watch?v=5dsAcY6Qn54
38,ERROR,ERROR,ERROR,ERROR,ERROR,https://www.youtube.com/watch?v=rOPMTq31Bwg
39,ERROR,ERROR,ERROR,ERROR,ERROR,https://www.youtube.com/watch?v=ne20Xq60FUg
40,ERROR,ERROR,ERROR,ERROR,ERROR,https://www.youtube.com/watch?v=4TkMzmNA_sM
41,ERROR,ERROR,ERROR,ERROR,ERROR,https://www.youtube.com/shorts/hudy-YRikiU
42,ERROR,ERROR,ERROR,ERROR,ERROR,https://www.youtube.com/watch?v=TSe2m-seMSw
43,ERROR,ERROR,ERROR,ERROR,ERROR,https://www.youtube.com/shorts/mlUnnlOrJec
44,ERROR,ERROR,ERROR,ERROR,ERROR,https://www.youtube.com/shorts/xz0XwjD-gRk
45,ERROR,ERROR,ERROR,ERROR,ERROR,https://www.youtube.com/watch?v=5rawvdv5fyQ
46,ERROR,ERROR,ERROR,ERROR,ERROR,https://www.youtube.com/watch?v=wYcelT1mtEQ
47,ERROR,ERROR,ERROR,ERROR,ERROR,https://www.youtube.com/watch?v=CG8kJPj0uAY
48,ERROR,ERROR,ERROR,ERROR,ERROR,https://www.youtube.com/watch?v=jZc94r98JB0
49,ERROR,ERROR,ERROR,ERROR,ERROR,https://www.youtube.com/watch?v=pRKF-kjwjM8
50,ERROR,ERROR,ERROR,ERROR,ERROR,https://www.youtube.com/watch?v=-HQ9r8pOpgE
51,ERROR,ERROR,ERROR,ERROR,ERROR,https://www.youtube.com/watch?v=wvK3Z4o2Wko
52,ERROR,ERROR,ERROR,ERROR,ERROR,https://www.youtube.com/shorts/mEx5eKjMm6M
