Name,views,duration,date,link
What Is Artificial Intelligence? | üî•Artificial Intelligence Course | AI In 5 Minutes | |Simplilearn,"1,162,020","5 minutes, 28 seconds",3 years ago,https://www.youtube.com/watch?v=ad79nYk2keg
How will AI change the world?,"715,541","5 minutes, 56 seconds",3 months ago,https://www.youtube.com/watch?v=RzkD_rTEBYs
Steven Spielberg Talks Artificial Intelligence with Stephen Colbert,"50,869","3 minutes, 37 seconds",1 day ago,https://www.youtube.com/watch?v=tSoCtw5vNS0
KSP: Conquering Jool using Artificial Intelligence!,"92,186",Unknown,18 hours ago,https://www.youtube.com/watch?v=OEg6XuXVsdM
Artificial Intelligence: Last Week Tonight with John Oliver (HBO),"5,131,157",Unknown,10 days ago,https://www.youtube.com/watch?v=Sqa8Zo2XWc4
"Generative AI Is About To Reset Everything, And, Yes It Will Change Your Life | Forbes","518,759",Unknown,2 weeks ago,https://www.youtube.com/watch?v=WY518YRfs5M
The Danger of AI | Scary Technology | Artificial Intelligence | Documentary,"67,819",Unknown,2 weeks ago,https://www.youtube.com/watch?v=5guiUrgcblM
Artificial intelligence and algorithms: pros and cons | DW Documentary (AI documentary),"10,008,005",Unknown,3 years ago,https://www.youtube.com/watch?v=s0dMTAQM4cw
"ChatGPT: Artificial Intelligence, chatbots and a world of unknowns | 60 Minutes","158,052","13 minutes, 22 seconds",2 days ago,https://www.youtube.com/watch?v=1wzPr4cUoMQ
¬øQu√© es y c√≥mo funciona la INTELIGENCIA ARTIFICIAL?,"633,205","8 minutes, 33 seconds",1 year ago,https://www.youtube.com/watch?v=_tA5cinv0U8
"AI robot terrifies officials, explains our illusion, with Elon Musk.","7,012,376",Unknown,3 months ago,https://www.youtube.com/watch?v=zKUA72Ka0zA
What is Artificial Intelligence Exactly?,"2,013,946","9 minutes, 21 seconds",6 years ago,https://www.youtube.com/watch?v=kWmX3pd1f10
"Demis Hassabis: DeepMind - AI, Superintelligence & the Future of Humanity | Lex Fridman Podcast #299","1,162,337","2 hours, 10 minutes",8 months ago,https://www.youtube.com/watch?v=Gfr50f6ZBvo
SATAN IS THE GREATEST ARTIFICIAL INTELLIGENCE. The Current Danger Facing us is AI vs. BIBLICAL TRUTH,"106,230",Unknown,2 weeks ago,https://www.youtube.com/watch?v=oz2n-rQCWzI
Artificial Intelligence (Official Video),"1,630,844","4 minutes, 1 second",1 year ago,https://www.youtube.com/watch?v=uTl8ZYImjBQ
What is Artificial Intelligence? | ChatGPT | The Dr Binocs Show | Peekaboo Kidz,"235,759","5 minutes, 42 seconds",1 month ago,https://www.youtube.com/watch?v=ttIOdAdQaUE
Google Just Shut Down It's Artificial Intelligence After It Revealed This,"1,062,684","10 minutes, 38 seconds",4 months ago,https://www.youtube.com/watch?v=w-Q9PWz_8sM
Elon Musk MOST SHOCKING INTERVIEW With AI!,"342,318","8 minutes, 21 seconds",4 months ago,https://www.youtube.com/watch?v=dUhvvoVtpVE
Artificial Intelligence Indicator PREDICTS The Future ( Zero Loss ),"3,337","8 minutes, 19 seconds",14 hours ago,https://www.youtube.com/watch?v=7dp9kC2jUIA
Artificial Intelligence.,"151,093",Unknown,5 days ago,https://www.youtube.com/watch?v=_iMItrc0ChU
Artificial Intelligence Full Course | Artificial Intelligence Tutorial for Beginners | Edureka,"2,744,283","4 hours, 52 minutes",3 years ago,https://www.youtube.com/watch?v=JMUxmLyrhSk
The Dangers Of Superintelligence (Artificial Intelligence.),"2,753",Unknown,9 days ago,https://www.youtube.com/watch?v=vsty2r189QI
Technology Full Live Set @ Universo Paralello 2022 / 2023,"16,142","1 hour, 26 minutes",1 month ago,https://www.youtube.com/watch?v=jcc_8kyBXrA
Internet de las cosas (IoT) | ¬øEn qu√© consiste y c√≥mo funciona?,"301,450","8 minutes, 11 seconds",6 years ago,https://www.youtube.com/watch?v=gV7l2YOSOQ4
Cloud Computing: Que es?,"120,683","3 minutes, 20 seconds",9 years ago,https://www.youtube.com/watch?v=WaxaOlnd_xE
What Is Artificial Intelligence? | Artificial Intelligence (AI) In 10 Minutes | Edureka,"1,121,807","11 minutes, 16 seconds",3 years ago,https://www.youtube.com/watch?v=oV74Najm6Nc
How Artificial Intelligence is Changing Our World: Can We Keep Up? | Ep 673,"2,102",Unknown,1 day ago,https://www.youtube.com/watch?v=-PztBI2lG54
The danger of AI is weirder than you think | Janelle Shane,"2,639,778","10 minutes, 30 seconds",3 years ago,https://www.youtube.com/watch?v=OhCzX0iLnOc
The AI Singularity Is Already Here.. (Artificial Intelligence Singularity) Technological Singularity,"78,538","12 minutes, 58 seconds",1 month ago,https://www.youtube.com/watch?v=JT5q7u7xxNU
"Artificial Intelligence, then vs. now","88,204",Unknown,2 days ago,https://www.youtube.com/watch?v=KzvgUxTUQZ8
Cuco - Artificial Intelligence (Official Visualizer),"155,371","4 minutes, 21 seconds",7 months ago,https://www.youtube.com/watch?v=-86zfUqS-L8
What Is Artificial Intelligence? | üî•Artificial Intelligence Course | AI In 5 Minutes | |Simplilearn,"1,162,020","5 minutes, 28 seconds",3 years ago,https://www.youtube.com/watch?v=ad79nYk2keg
How will AI change the world?,"715,541","5 minutes, 56 seconds",3 months ago,https://www.youtube.com/watch?v=RzkD_rTEBYs
Artificial intelligence liability directive [Policy podcast],unknown,"7 minutes, 53 seconds",17 hours ago,https://www.youtube.com/watch?v=oURmwwsEg3g
Getting rid of unwanted Artificial Intelligence from your Physical and Energetic Bodies,549,"1 hour, 7 minutes",13 hours ago,https://www.youtube.com/watch?v=ajImYsQmT1A
"""Roman Empire 2049"" A.I Midjourney || –êtmospheric || Unique || Artificial intelligence",unknown,"4 minutes, 13 seconds",15 hours ago,https://www.youtube.com/watch?v=fysVcKZFhWo
Artificial Intelligence scammers using voices of loved ones to target victims,"2,087","2 minutes, 32 seconds",16 hours ago,https://www.youtube.com/watch?v=xRZIdepFoTM
Artificial intelligence is becoming conscious. And it's not as bad as we think.,141,"7 minutes, 42 seconds",20 hours ago,https://www.youtube.com/watch?v=fll8HJzl9V0
A.I. Artificial Intelligence FuLLMovie HD (QUALITY),"4,178","2 hours, 5 minutes",13 hours ago,https://www.youtube.com/watch?v=3_ZOo87dkQc
Ai Fitnes Review | AiFitnes Token | Fitness Powered By Artificial Intelligence,478,"8 minutes, 43 seconds",3 hours ago,https://www.youtube.com/watch?v=hGqqqCb1LR0
What is Artificial Intelligence?  AI Explained,unknown,"3 minutes, 39 seconds",1 hour ago,https://www.youtube.com/watch?v=zFJAnNdDVF0
Deliver MORE Homes with Ai...Using Artificial Intelligence to Drive Your Real Estate Developments,36,Unknown,13 hours ago,https://www.youtube.com/watch?v=BSnlhPxZCYI
GPT 3 Explained | What is GPT 3  | GPT 3 AI | Artificial Intelligence | How GPT3 Transformers Works,unknown,Unknown,Unknown,https://www.youtube.com/watch?v=YJgAsjg6WUU
What is artificial intelligence?,unknown,"10 minutes, 5 seconds",6 hours ago,https://www.youtube.com/watch?v=yt-RvSXUC-A
The Great Arms Race of Artificial Intelligence - Losing Our Grip On Reality,"53,303",Unknown,2 weeks ago,https://www.youtube.com/watch?v=USH9xtxz-vU
Use of Artificial intelligence generates questions about the future of art,"29,467","8 minutes, 38 seconds",6 days ago,https://www.youtube.com/watch?v=2HYemjTSxp8
SINGULARITY TIMELINE | ARTIFICIAL INTELLIGENCE + AGI + ASI (2023 - 2100¬π‚Å∞‚Å∞),"335,970","10 minutes, 39 seconds",2 months ago,https://www.youtube.com/watch?v=P5HNeahRYDM
Big Ideas 2023 | Artificial Intelligence: Creating the Assembly Line for Knowledge Workers,"18,604","11 minutes, 55 seconds",3 days ago,https://www.youtube.com/watch?v=TogDlICXfAU
Planned Economies And Artificial Intelligence: A short rant | Mia Mulder,"61,604",Unknown,7 days ago,https://www.youtube.com/watch?v=NRepEvmCCIg
The role of artificial intelligence in drug discovery and medical research,"8,358","1 hour, 59 minutes",20 hours ago,https://www.youtube.com/watch?v=sdt0sl6LkSg
A.I. Artificial Intelligence - Official¬Æ Trailer [HD],"2,067,782","1 minute, 10 seconds",9 years ago,https://www.youtube.com/watch?v=_19pRsZRiz4
Google Just Shut Down It's Artificial Intelligence After It Revealed This,"1,062,684","10 minutes, 38 seconds",4 months ago,https://www.youtube.com/watch?v=w-Q9PWz_8sM
learning AI and ChatGPT isn‚Äôt that hard,"193,693",Unknown,7 days ago,https://www.youtube.com/watch?v=JJCq21Dc-Us
What is AI? Artificial Intelligence Explained,"286,100","3 minutes, 31 seconds",1 year ago,https://www.youtube.com/watch?v=rJ1Qao09CFI
Cuco - Artificial Intelligence (Official Visualizer),"155,371","4 minutes, 21 seconds",7 months ago,https://www.youtube.com/watch?v=-86zfUqS-L8
Elon Musk on Artificial Intelligence Implications and Consequences,"18,818",Unknown,3 months ago,https://www.youtube.com/watch?v=sAUpoJixwZg
In the Age of AI (full documentary) | FRONTLINE,"17,109,454","1 hour, 54 minutes",3 years ago,https://www.youtube.com/watch?v=5dZ_lvDgevk
What is Artificial Intelligence (or Machine Learning)?,"1,083,358","6 minutes, 15 seconds",6 years ago,https://www.youtube.com/watch?v=mJeNghZXtMo
This Artificial Intelligence Just Found That Our DNA Holds A Secret Message Inside Of It,"33,379","13 minutes, 42 seconds",12 days ago,https://www.youtube.com/watch?v=uJgWOdB-W0c
Rehearsals underway for artificial intelligence play,238,"1 minute, 42 seconds",13 hours ago,https://www.youtube.com/watch?v=7g_Vgfb-3nE
Preparing For AI's Impact,"185,272","9 minutes, 43 seconds",4 days ago,https://www.youtube.com/watch?v=v9m9LkHUOFk
Elon Musk MOST SHOCKING INTERVIEW With AI!,"342,318","8 minutes, 21 seconds",4 months ago,https://www.youtube.com/watch?v=dUhvvoVtpVE
Jordan Peterson‚Äôs Thoughts on Artificial Intelligence,"140,409","10 minutes, 31 seconds",1 month ago,https://www.youtube.com/watch?v=k0lOL5Q58Ls
What ChatGPT Could Mean for the Future of Artificial Intelligence,"3,710,990","14 minutes, 15 seconds",2 months ago,https://www.youtube.com/watch?v=kh5dN72GTQ8
Artificial Intelligence can NEVER be Sentient?! #technology #artificialintelligence #ai,"6,900,082",Unknown,2 months ago,https://www.youtube.com/shorts/aO1qDzkU9o0
Jordan Peterson's Disturbing Warning About AI and ChatGPT...,"717,705","5 minutes, 40 seconds",2 months ago,https://www.youtube.com/watch?v=mUkTz_1uzSs
Is artificial intelligence out of control? | Start Here,"280,483","11 minutes, 14 seconds",8 months ago,https://www.youtube.com/watch?v=PATxJ-wwcUY
"A.I. is at an inflection point, says Morgan Stanley's Brian Nowak","7,721","5 minutes, 19 seconds",2 days ago,https://www.youtube.com/watch?v=RAcSH9iJjew
I tried using AI. It scared me.,"5,441,464",Unknown,3 weeks ago,https://www.youtube.com/watch?v=jPhJbKBuNnA
Therapist vs. Artificial Intelligence - I answer your questions #chatgpt #mentalhealth,"19,297",Unknown,6 days ago,https://www.youtube.com/watch?v=gIVSJDVQRf8
End Game - Technology | Dystopian Future | Machine Learning | Artificial Intelligence,"466,470","1 hour, 4 minutes",3 months ago,https://www.youtube.com/watch?v=-ZeeuDrknYc
Artificial Intelligence,"122,610","6 minutes, 18 seconds",Unknown,https://www.youtube.com/watch?v=q8ndWunDL5U
‡§ï‡•ç‡§Ø‡§æ ARTIFICIAL INTELLIGENCE ‡§π‡§Æ ‡§∏‡§≠‡•Ä ‡§ï‡•ã ‡§ñ‡§º‡§§‡§Æ ‡§ï‡§∞‡§¶‡•á‡§ó‡§æ? | WIll AI Kill Us All...,"2,176,261","11 minutes, 59 seconds",1 year ago,https://www.youtube.com/watch?v=jqVlmaZIX4U
Proof That Artificial Intelligence Is About To End The World...,"87,082",Unknown,11 days ago,https://www.youtube.com/shorts/txoNadnlKmA
Testing the limits of ChatGPT and discovering a dark side,"494,469","10 minutes, 55 seconds",3 weeks ago,https://www.youtube.com/watch?v=RdAQnkDzGvc
Artificial Intelligence vs. Humanity | Crash Course,65,Unknown,1 day ago,https://www.youtube.com/watch?v=vA-mxC2vlOw
Why OpenAI‚Äôs ChatGPT Is Such A Big Deal,"1,348,205","12 minutes, 53 seconds",1 month ago,https://www.youtube.com/watch?v=pOmpqdlVCoo
How China Is Using Artificial Intelligence in Classrooms | WSJ,"2,754,510","5 minutes, 44 seconds",3 years ago,https://www.youtube.com/watch?v=JMLsHI8aV0g
THE END OF HUMAN CREATIVITY? - Artificial Intelligence Expert Reacts to A.I. Art,"21,710",Unknown,4 months ago,https://www.youtube.com/watch?v=T76BBT_qWdg
"He Paid $10,000 to UNALIVE Himself! #artificialintelligence #technology #ai","1,804,534",Unknown,1 month ago,https://www.youtube.com/shorts/4rmJFNm0pLY
"Future of Artificial Intelligence (2030 - 10,000 A.D.+)","46,706","13 minutes, 21 seconds",6 months ago,https://www.youtube.com/watch?v=cwXnX49Bofk
Google Just SHUT DOWN It's Artificial Intelligence After It Sent Out This Chilling Message,"338,518","11 minutes, 32 seconds",3 months ago,https://www.youtube.com/watch?v=sSPKt5xNHSU
NEW Artificial Intelligence TradingView Indicator Never Loses,"182,520","8 minutes, 3 seconds",1 month ago,https://www.youtube.com/watch?v=vz5VEd9eJFU
Artificial intelligence could create more jobs than it displaces,"6,155","6 minutes, 52 seconds",2 weeks ago,https://www.youtube.com/watch?v=EmO6dBcqQ2w
Artificial Intelligence - Eastern Surprise,"23,682","4 minutes, 37 seconds",6 days ago,https://www.youtube.com/watch?v=xDdtOpRyXhI
How does artificial intelligence learn? - Briana Brownell,"473,568","4 minutes, 57 seconds",1 year ago,https://www.youtube.com/watch?v=0yCJMt9Mx9c
I ask Chat GPT Artificial Intelligence about the end times and salvation. Its answers may shock you,"7,951","11 minutes, 52 seconds",4 days ago,https://www.youtube.com/watch?v=ifYrTFM2d6s
A.I. Made this Video ü§ñü¶æü¶ø#ytshorts #yt #robot #artificialintelligence,"2,162,025",Unknown,5 months ago,https://www.youtube.com/shorts/CcbK5vCVjw0
Here's how artificial intelligence is changing the job market,"62,405","6 minutes, 15 seconds",1 month ago,https://www.youtube.com/watch?v=6Ep8c9xNEiE
Artificial Intelligence: it will kill us | Jay Tuck | TEDxHamburgSalon,"5,174,900",Unknown,6 years ago,https://www.youtube.com/watch?v=BrNs0M77Pd4
Artificial Intelligence üß† üá±üá∞ Episode 01,"122,522",Unknown,4 years ago,https://www.youtube.com/watch?v=56azq7f_Skw
Artificial Intelligence - Desperado,"109,793","6 minutes, 17 seconds",7 years ago,https://www.youtube.com/watch?v=Hu1RELJHI-8
5 Mind-blowing Artificial Intelligence Tools ü§Ø,"1,107,001","11 minutes, 2 seconds",2 months ago,https://www.youtube.com/watch?v=v6OB80Vt1Dk
LEAKED Artificial Intelligence News | Weekly Update #10,"32,606","9 minutes, 23 seconds",11 months ago,https://www.youtube.com/watch?v=MBuNPtzfYJ4
"Doctors, apps and artificial intelligence - The future of medicine | DW Documentary","39,285",Unknown,2 months ago,https://www.youtube.com/watch?v=vyit-1zKsZ4
Wife Cheats with Artificial Intelligence (ChatGPT) - SHOCKING FOOTAGE!,"19,271",Unknown,4 days ago,https://www.youtube.com/watch?v=qhYWn9-IFYE
Artificial Intelligence #shorts #shortvideo #shortsvideo,"65,784",Unknown,8 months ago,https://www.youtube.com/shorts/Od6kJF2bgaA
Artificial Intelligence KILLED the Internet!? #ai #technology,"1,093,751",Unknown,1 month ago,https://www.youtube.com/shorts/JpBBY1HbT54
Artificial Intelligence explained in Tamil | What is Machine Learning? in Tamil | Karthik's Show,"11,145","10 minutes, 1 second",2 years ago,https://www.youtube.com/watch?v=UqnqHuXYhow
AI is Becoming Conscious! ELON MUSK was Right About The Greatest Threat To Humanity,"1,231,017","12 minutes, 11 seconds",2 months ago,https://www.youtube.com/watch?v=R4iJMIgj6ZI
üî• Artificial Intelligence Full Course 2022 | AI Full Course | AI And ML Full Course | Simplilearn,"59,308","10 hours, 44 minutes",5 months ago,https://www.youtube.com/watch?v=lTzHlU3OrXs
What is Artificial Intelligence With Full Information? ‚Äì [Hindi] ‚Äì Quick Support,"1,124,913","10 minutes, 50 seconds",2 years ago,https://www.youtube.com/watch?v=iyb38dzetRk
The Real Reason to be Afraid of Artificial Intelligence | Peter Haas | TEDxDirigo,"2,385,053","12 minutes, 38 seconds",5 years ago,https://www.youtube.com/watch?v=TRzBk_KuIaM
AI Crypto Coins üî• What are the Top Artificial Intelligence Coins?,"6,457","3 minutes, 35 seconds",2 weeks ago,https://www.youtube.com/watch?v=j04FJ0RlCFc
Top 10 Applications Of Artificial Intelligence in 2021,"16,020","7 minutes, 27 seconds",1 year ago,https://www.youtube.com/watch?v=dxpBcqSWbuk
Artificial Intelligence Art School Meltdown | The Looming Crisis | Episode 128 | Elliott Earls,"5,263","13 minutes, 6 seconds",4 days ago,https://www.youtube.com/watch?v=t_5OXKMutWA
What is Artificial Intelligence and its examples,"1,175",Unknown,8 months ago,https://www.youtube.com/shorts/odcO2ii0wB8
Artificial Intelligence Becomes Sentient #ai #technology #artificialintelligence,"1,050,410",Unknown,1 month ago,https://www.youtube.com/shorts/OVWpuATUjis
Artificial Intelligence,"3,292,013","11 minutes, 47 seconds",6 years ago,https://www.youtube.com/watch?v=5J5bDQHQR1g
Breakthroughs in artificial intelligence mean new work for Congress,"9,937","11 minutes, 46 seconds",2 weeks ago,https://www.youtube.com/watch?v=U0dyNYRuxXk
The Scariest Thing about Artificial Intelligence #artificialintelligence #technology #ai,"912,887",Unknown,1 month ago,https://www.youtube.com/shorts/rmjjUyGK-J8
SATAN IS THE GREATEST ARTIFICIAL INTELLIGENCE. The Current Danger Facing us is AI vs. BIBLICAL TRUTH,"106,230",Unknown,2 weeks ago,https://www.youtube.com/watch?v=oz2n-rQCWzI
Making Sense of Artificial Intelligence,"37,011","1 hour, 7 minutes",3 months ago,https://www.youtube.com/watch?v=zhpiVCQJTw8
TIMELAPSE OF ARTIFICIAL INTELLIGENCE (2028 ‚Äì 3000+),"1,826,091","13 minutes, 35 seconds",1 year ago,https://www.youtube.com/watch?v=63yr9dlI0cU
A* algorithm in AI (artificial intelligence) in HINDI | A* algorithm with example,"880,864","14 minutes, 34 seconds",3 years ago,https://www.youtube.com/watch?v=tvAh0JZF2YE
Artificial Intelligence - State Of Mind (Spheres of Life),"1,439","4 minutes, 7 seconds",1 month ago,https://www.youtube.com/watch?v=Q6cRW-i_3Qw
"AI robot terrifies officials, explains our illusion, with Elon Musk.","7,012,376",Unknown,3 months ago,https://www.youtube.com/watch?v=zKUA72Ka0zA
Art created by artificial Intelligence,unknown,Unknown,Unknown,https://www.youtube.com/watch?v=s11k0yAA8ZQ
"This intense AI anger is exactly what experts warned of, w Elon Musk.","5,172,028",Unknown,5 months ago,https://www.youtube.com/watch?v=b2bdGEqPmCI
He loves artificial intelligence. Hear why he is issuing a warning about ChatGPT,"238,854","5 minutes, 44 seconds",1 month ago,https://www.youtube.com/watch?v=THJysHMi81c
Mohamed bin Zayed University of Artificial Intelligence | ÿ¨ÿßŸÖÿπÿ© ŸÖÿ≠ŸÖÿØ ÿ®ŸÜ ÿ≤ÿßŸäÿØ ŸÑŸÑÿ∞ŸÉÿßÿ° ÿßŸÑÿßÿµÿ∑ŸÜÿßÿπŸä,"73,286","1 minute, 50 seconds",8 days ago,https://www.youtube.com/watch?v=ruwTibRorf0
Artificial Intelligence Tools like ChatGPT in Higher Education,94,Unknown,12 days ago,https://www.youtube.com/watch?v=R5x17fJUYWA
AI generates ‚ÄúHUMAN EVOLUTION‚Äù.... üò≥‚úÖ Artificial Intelligence #shorts,"6,775,620",Unknown,3 months ago,https://www.youtube.com/shorts/bG4WzJv2u-U
How will Artificial Intelligence and Internet of Things change the world?,"210,877","2 minutes, 32 seconds",5 years ago,https://www.youtube.com/watch?v=Cx5aNwnZYDc
ChatGPT: Grading artificial intelligence's writing,"163,197","8 minutes, 3 seconds",1 month ago,https://www.youtube.com/watch?v=2MZs44gSIwg
What is Artificial Intelligence | Learn AI with Real Life Examples | Can Machine Think??,"585,886","8 minutes, 31 seconds",3 years ago,https://www.youtube.com/watch?v=s-s9ilkMVj8
The 8 Biggest Artificial Intelligence (AI) Trends In 2022,"61,776","7 minutes, 22 seconds",1 year ago,https://www.youtube.com/watch?v=019HlWMQKCE
Twitch Chat and I invaded Space with Artificial Intelligence,"2,280,898","1 hour, 5 minutes",4 months ago,https://www.youtube.com/watch?v=dazC6msRuJw
The History of Artificial Intelligence [4K] | CyberWork And The American Dreams | Spark,"171,345",Unknown,7 months ago,https://www.youtube.com/watch?v=q6U9mhKAFFA
You are training Artificial Intelligence,"1,426,039",Unknown,3 months ago,https://www.youtube.com/shorts/BGx248wSzEE
Artificial Intelligence and the future | Andr√© LeBlanc | TEDxMoncton,"433,614","10 minutes, 7 seconds",8 years ago,https://www.youtube.com/watch?v=xH_B5xh42xc
Vger ARTIFICIAL INTELLIGENCE CD teaser,"83,671","6 minutes, 58 seconds",2 months ago,https://www.youtube.com/watch?v=5lUgeUeqSLg
Artificial intelligence program ChatGPT goes viral for generating entire essays in seconds,"18,443","6 minutes, 13 seconds",2 months ago,https://www.youtube.com/watch?v=kr5DqQmcztw
2023 Cutoff Needed for Top B.Tech Artificial Intelligence & Data Science/Machine Learning|Huge Jobs,"4,868","9 minutes, 59 seconds",1 month ago,https://www.youtube.com/watch?v=-4N27QlgJNQ
ARTIFICIAL INTELLIGENCE IS BECOMING CONSCIOUS| ELON MUSK IS RIGHT|ELON MUSK TESLA BOT /OPEN AI,"1,539,794","13 minutes, 28 seconds",7 months ago,https://www.youtube.com/watch?v=kPJNE1p7uT0
Artificial Intelligence Class 10 Chapter 1 | Introduction to AI- Intelligence and Its Traits 2022-23,"143,517","12 minutes, 23 seconds",1 year ago,https://www.youtube.com/watch?v=ptWmh0ocveM
Advances in artificial intelligence raise new ethics concerns,"37,911","8 minutes, 1 second",1 month ago,https://www.youtube.com/watch?v=l5nTlHeqYOQ
The Rise of Artificial Intelligence through Deep Learning | Yoshua Bengio | TEDxMontreal,"300,224",Unknown,5 years ago,https://www.youtube.com/watch?v=uawLjkSI7Mo
AI Gone Wrong: The Shocking Dark Side of Artificial Intelligence,325,"3 minutes, 23 seconds",1 month ago,https://www.youtube.com/watch?v=yuOF_v1ruVk
"AI is NOT Artificial Intelligence, the real threat of AI is ""Automated Stupidity."" | Words MADDER","2,935","10 minutes, 24 seconds",6 days ago,https://www.youtube.com/watch?v=MfGchpJRCG8
LEAKED Artificial Intelligence News | Weekly Update #12,"25,886","9 minutes, 20 seconds",11 months ago,https://www.youtube.com/watch?v=rtn5D6fG3uU
Artificial Intelligence used at Mass General to identify patients at risk for Alzheimer's,123,Unknown,2 days ago,https://www.youtube.com/watch?v=hXZmzA24vqk
Top 5 Artificial Intelligence(AI) Stocks for Investment | #shorts #viral  #artificialintelligence,"2,091",Unknown,5 months ago,https://www.youtube.com/shorts/256Aad3lIyk
The Rise of Artificial Intelligence | AngelList Confidential 2022,"115,200",Unknown,3 months ago,https://www.youtube.com/watch?v=DEvbDq6BOVM
Elon Musk AI Warning... (Artificial Intelligence) üò≥‚úÖ #shorts,"1,623,097",Unknown,3 months ago,https://www.youtube.com/shorts/an2TNoBdzbw
Computer Scientist Explains Machine Learning in 5 Levels of Difficulty | WIRED,"1,724,855",Unknown,1 year ago,https://www.youtube.com/watch?v=5q87K1WaoFI
Charlie Creates xQc With Artificial Intelligence | Moistcr1tikal,"1,800,383",Unknown,6 months ago,https://www.youtube.com/shorts/GXTbZmzeubo
NEW Artificial Intelligence TradingView Indicator Gets INSANE Win Rate,"78,699","8 minutes, 17 seconds",3 weeks ago,https://www.youtube.com/watch?v=ITN88_zBHcg
Artificial Intelligence(Ai)ü§Ø‡§ï‡§æ Human ‡§™‡§∞ ‡§ï‡§¨‡•ç‡§ú‡§º‡§æ?üò±#shorts #viral #facts #youtubeshorts,"2,258",Unknown,4 months ago,https://www.youtube.com/shorts/41-D-6gsOPE
Artificial Intelligence,"11,562","3 minutes, 29 seconds",Unknown,https://www.youtube.com/watch?v=cBxu2SsfbXY
The Greatest Risk of Artificial Intelligence (according to Ai) #technology #artificialintelligence,"333,296",Unknown,2 months ago,https://www.youtube.com/shorts/UXQjFcPEpqQ
Artificial intelligence chatbot ChatGPT sparks plagiarism concerns after passing exams - BBC News,"188,699","6 minutes, 11 seconds",1 month ago,https://www.youtube.com/watch?v=30TpiDwnMYU
Artificial Intelligence in 2 Minutes | What is Artificial Intelligence? | Edureka,"255,259","2 minutes, 20 seconds",2 years ago,https://www.youtube.com/watch?v=UFDOY1wOOz0
PMGR: Leveraging Artificial Intelligence in Health and Healthcare - Audio Description,239,"1 hour, 52 minutes",1 day ago,https://www.youtube.com/watch?v=JyOg1OxLjYk
The Power of Artificial Intelligence,"1,248,351",Unknown,5 months ago,https://www.youtube.com/watch?v=LhUAzphBUzc
What Skills Are Required For An Artificial Intelligence Engineer?,"69,558","11 minutes, 13 seconds",1 year ago,https://www.youtube.com/watch?v=mp3TS_Me3Kw
The SCARY TRUTH About ARTIFICIAL INTELLIGENCE...üò≥,"100,890",Unknown,3 months ago,https://www.youtube.com/shorts/LbJcKkg8_uY
the truth behind this robot‚Ä¶ #shorts #artificialintelligence #ai,"32,120",Unknown,5 days ago,https://www.youtube.com/shorts/EVsnzLE27Wk
Artificial Intelligence Version of Kempire,"6,260",Unknown,2 months ago,https://www.youtube.com/shorts/F-GgQk19Phs
"How AIs, like ChatGPT, Learn","8,258,896","8 minutes, 55 seconds",5 years ago,https://www.youtube.com/watch?v=R9OHn5ZF4Uo
Machine Learning Vs Artificial Intelligence? Same or Different?,"805,205",Unknown,4 years ago,https://www.youtube.com/watch?v=6Hm1pNqQxq0
Artificial Intelligence - Savour,"16,089","4 minutes, 34 seconds",3 years ago,https://www.youtube.com/watch?v=LS19TvLgONQ
"Eye on America: The future of artificial intelligence, tips for cutting energy costs and more","1,211",Unknown,2 days ago,https://www.youtube.com/watch?v=03tPZ1mkKQU
Artificial Intelligence Made This Recipe,"5,675,952",Unknown,1 month ago,https://www.youtube.com/shorts/LBBVTB2uMBE
AI And Machine Learning Full Course | Artificial Intelligence & Machine Learning Course |Simplilearn,"163,231","9 hours, 48 minutes",1 year ago,https://www.youtube.com/watch?v=wnqkfpCpK1g
A. I. Artificial Intelligence Movie Explained In Hindi/Urdu,"2,226,646",Unknown,1 year ago,https://www.youtube.com/watch?v=zspcXo5-kvE
‡¥é‡¥®‡µç‡¥§‡¥æ‡¥£‡µç Artificial intelligence ! Google vs Chat GPT - ‡¥Ü‡¥∞‡¥æ‡¥£‡µç ‡¥ú‡¥Ø‡¥ø‡¥ï‡µç‡¥ï‡µÅ‡¥ï | Explained | Anurag Talks,"50,970",Unknown,5 days ago,https://www.youtube.com/watch?v=JgPWP-KSK68
Artificial intelligence #vigyanrecharge,"191,772",Unknown,2 weeks ago,https://www.youtube.com/shorts/WKzZTX_xeaQ
Artificial intelligence and its ethics | DW Documentary,"1,972,846",Unknown,3 years ago,https://www.youtube.com/watch?v=Izd2qOgOGQI
Replaced by Artificial Intelligenceü§ñ #artificialintelligence #futureworld #aigenerated,unknown,Unknown,Unknown,https://www.youtube.com/shorts/BZ6X1M1xaZw
Dangers of Artificial Intelligence - ChatGPT | Brat Weinstein | Joe Rogan,"52,196",Unknown,1 month ago,https://www.youtube.com/shorts/kseEbEqtxV4
How Far is Too Far? | The Age of A.I.,"60,575,870",Unknown,3 years ago,https://www.youtube.com/watch?v=UwsrzCVZAb8
Google Ceo -- Sundar pichai -- Tells about Machine learning and Artificial intelligence,"1,784",Unknown,5 months ago,https://www.youtube.com/shorts/l2zfgeGQgfc
5 Best Artificial Intelligence üí•AI stocks in India üÖæ AI stocks | Long Term - Best stocks to buy now‚úÖ,"33,391",Unknown,2 days ago,https://www.youtube.com/watch?v=x04acZBasqk
"Supervised, Unsupervised and Reinforcement Learning in Artificial Intelligence in Hindi","591,785","9 minutes, 28 seconds",3 years ago,https://www.youtube.com/watch?v=4dwsSz_fNSQ
Artificial Intelligence (AI): Is Malaysia Catching Up?,"1,225",Unknown,1 year ago,https://www.youtube.com/watch?v=hARap0zVyvo
I built LEGO using Artificial Intelligence‚Ä¶,"900,844","9 minutes, 5 seconds",1 month ago,https://www.youtube.com/watch?v=EBLVAMuaAwA
Twitch Chat and I invaded USA with Artificial Intelligence,"2,707,783","1 hour, 2 minutes",5 months ago,https://www.youtube.com/watch?v=u2aiUs5giDc
artificial intelligence üò≤,"1,583",Unknown,1 month ago,https://www.youtube.com/shorts/26NxzbMeNtc
Elon Musk on Dangers of Artificial Intelligence!,114,Unknown,4 months ago,https://www.youtube.com/shorts/Mb_yqqmxklc
Using artificial intelligence on SHUGABUSHESüå≤(My singing monsters) #msm #shorts,"5,710",Unknown,21 hours ago,https://www.youtube.com/shorts/s6zrgbf8OZA
Artificial intelligence vs. human intelligence,"6,752",Unknown,5 months ago,https://www.youtube.com/shorts/MwCeMZNBPtM
Machine Learning vs Deep Learning,"180,307","7 minutes, 50 seconds",11 months ago,https://www.youtube.com/watch?v=q6kJ71tEYqM
Interview With FEMALE Humanoid Robot (TERRIFYING),"337,896","8 minutes, 8 seconds",1 month ago,https://www.youtube.com/watch?v=QjS3XGrnj5E
Some school districts are banning this artificial intelligence tool,"21,328","3 minutes, 40 seconds",1 month ago,https://www.youtube.com/watch?v=DNDqM1f5nQQ
I Interviewed Artificial Intelligence (OpenAI/ChatGPT) About Running,"12,294",Unknown,2 months ago,https://www.youtube.com/shorts/NdEISb0r1B0
Chat GPT ‡¶ú‡¶ø‡¶®‡¶ø‡¶∏ ‡¶ü‡¶æ ‡¶ï‡¶ø? Artificial Intelligence ‡¶è‡¶∞ ‡¶ï‡¶æ‡¶∞‡¶£‡ßá ‡¶ï‡¶ø ‡¶Ü‡¶Æ‡¶æ‡¶¶‡ßá‡¶∞ ‡¶∏‡¶¨‡¶æ‡¶∞ ‡¶ö‡¶æ‡¶ï‡¶∞‡¶ø ‡¶ö‡¶≤‡ßá ‡¶Ø‡¶æ‡¶¨‡ßá? -Khalid Farhan,"661,131",Unknown,1 month ago,https://www.youtube.com/watch?v=xMGiGgbHNso
How artificial intelligence is changing our society | DW Documentary,"2,718,070",Unknown,2 years ago,https://www.youtube.com/watch?v=-ePZ7OdY-Dw
The Best ARTIFICIAL INTELLIGENCE Movies (Trailers),"60,232",Unknown,1 month ago,https://www.youtube.com/watch?v=nDScvAxBOA8
Humanoid Robot Pepper | Artificial Intelligence News,220,Unknown,4 months ago,https://www.youtube.com/shorts/TV9hnMlaG54
Kasger - Artificial Intelligence (Music Video),"12,768","6 minutes, 39 seconds",9 years ago,https://www.youtube.com/watch?v=z1Si75pSXNk
The History of Artificial Intelligence [Documentary],"970,744","2 hours, 34 minutes",2 years ago,https://www.youtube.com/watch?v=R3YFxF0n8n8
NEW Artificial Intelligence TradingView Indicator Gives Most Accurate Buy Sell Signals,"2,765","7 minutes, 39 seconds",4 days ago,https://www.youtube.com/watch?v=NrctEvX0Wqs
Write Email using Artificial Intelligence,393,Unknown,4 months ago,https://www.youtube.com/shorts/qs8pblnFM0M
Artificial Intelligence,431,Unknown,4 months ago,https://www.youtube.com/shorts/IMu7jZlcefU
Let's Talk About Explainable AI | Artificial Intelligence #shorts #ai #artificialintelligence #short,752,Unknown,3 hours ago,https://www.youtube.com/shorts/LgCoGH2vqrQ
when Ai turned against us #technology #elonmusk #artificialintelligence,"5,804,170",Unknown,2 months ago,https://www.youtube.com/shorts/uc0Iwld0Jgk
I Typed the Bible Into an Artificial Intelligence Art Generator. Here's What Happened,"1,554,880",Unknown,2 months ago,https://www.youtube.com/watch?v=s0AqlK_gCbU
Artificial Intelligence and God,"9,788","11 minutes, 37 seconds",7 months ago,https://www.youtube.com/watch?v=1DBFCrPOD5g
Programme Overview | M.Tech. Artificial Intelligence & Machine Learning for working professionals,"53,142","2 minutes, 26 seconds",6 months ago,https://www.youtube.com/watch?v=rym9o7Bff64
2021's Biggest Achievements in Artificial Intelligence | Era of Artificial Intelligence | Futuristic,"10,779","6 minutes, 36 seconds",1 year ago,https://www.youtube.com/watch?v=NXPdonH_JB4
Fascinating Facts About Artificial Intelligence (Ai),114,"4 minutes, 1 second",1 month ago,https://www.youtube.com/watch?v=rQM_oRIsbTM
Market hype builds around artificial intelligence,"1,160","4 minutes, 32 seconds",3 weeks ago,https://www.youtube.com/watch?v=AiOjYRE-e3U
Why is Artificial intelligence Dangerous? | decoded| hindi,"1,595",Unknown,4 months ago,https://www.youtube.com/shorts/JTr6_J-hK98
Artificial Intelligence Movie Trailer 2001 - TV Spot,"2,013",Unknown,2 years ago,https://www.youtube.com/watch?v=RYixODl9Yy8
Nite Jewel - Artificial Intelligence,"185,038","3 minutes, 49 seconds",14 years ago,https://www.youtube.com/watch?v=DYLDPsUjpL8
a Eurovision song created by Artificial Intelligence: Blue Jeans and Bloody Tears,unknown,Unknown,Unknown,https://www.youtube.com/watch?v=4MKAf6YX_7M
Joe Rogan - Elon Musk on Artificial Intelligence,"6,814,210",Unknown,4 years ago,https://www.youtube.com/watch?v=Ra3fv8gl6NE
"The World's First ""Perfect"" Artificial Intelligence Begins To Unnerving Emergent Behavior | Sci-fi","53,502","11 minutes, 8 seconds",9 days ago,https://www.youtube.com/watch?v=yjaeT_2pmhY
Artificial Intelligence - Mortal,"8,722","4 minutes, 31 seconds",3 years ago,https://www.youtube.com/watch?v=wdH2GE9cryo
"Artificial Intelligence: Past, Present, and Future","6,057",Unknown,2 months ago,https://www.youtube.com/watch?v=ZTt_GI0-wKA
All You Need To Know About Artificial Intelligence ‚ú®,"5,455","10 minutes, 28 seconds",2 months ago,https://www.youtube.com/watch?v=7tZU3GEK_ZQ
Artificial Intelligence Told Me To Invent This Product (ChatGPT + DALL-E),"450,019","9 minutes, 23 seconds",2 months ago,https://www.youtube.com/watch?v=aDoEMGUHgI0
Using AI For Product Photography (Artificial Intelligence),98,Unknown,1 month ago,https://www.youtube.com/shorts/frRME6tfdrg
Ray Dalio: My View About Artificial Intelligence,282,"2 minutes, 59 seconds",1 year ago,https://www.youtube.com/watch?v=5_Xh_49BpY0
The first rudiments of mind in artificial intelligence | Shocking dialogue between an AI and human,"30,436",Unknown,7 months ago,https://www.youtube.com/watch?v=ZCsqp6ueDbw
Patryk Scelina - Artificial Intelligence  (Hybrid Action),"48,651","3 minutes, 25 seconds",8 years ago,https://www.youtube.com/watch?v=aw1uhOKac4g
9 stocks to buy that will make money from artificial intelligence,"3,289","3 minutes, 21 seconds",5 days ago,https://www.youtube.com/watch?v=dsW2aFCDqJs
Artificial Intelligence is dangerous | Stephen Hawking's | #shorts,"1,483",Unknown,6 months ago,https://www.youtube.com/shorts/e5CoeyeC30k
Artificial intelligence AC for Mom Dad Room üî•‚ù§Ô∏è Semma Power Saving.,"1,056,257",Unknown,13 days ago,https://www.youtube.com/shorts/4aScMurLyC0
What is Artificial Intelligence ? in 1 Minute | What is AI ?,"3,986","1 minute, 10 seconds",2 years ago,https://www.youtube.com/watch?v=VfBaFX7gVLk
Scariest Artificial Intelligence Moments #shorts,"5,672,003",Unknown,1 year ago,https://www.youtube.com/shorts/RvZbObFiTJY
AI Fitness Review 2023: Decentralized Fitness Ecosystem Powered by Artificial Intelligence,unknown,Unknown,Unknown,https://www.youtube.com/watch?v=KJnI1abrlC4
High-tech hospital uses artificial intelligence in patient care,"59,568","2 minutes, 36 seconds",1 month ago,https://www.youtube.com/watch?v=qetKUFDDF4A
A.I.: Artificial Intelligence (2001) Trailer #1 | Movieclips Classic Trailers,"272,276","1 minute, 47 seconds",4 years ago,https://www.youtube.com/watch?v=pm7qlQ2E0iE
Twitch Chat and I Invaded a Zoo with Artificial Intelligence,"1,626,719",Unknown,2 months ago,https://www.youtube.com/watch?v=3vDX8LhQalA
Artificial intelligence could be dangerous...,"2,008",Unknown,1 month ago,https://www.youtube.com/shorts/vcdLqRKeQD0
Why Conservatives Need to Become Familiar with the Mechanisms of Artificial Intelligence,"2,389","6 minutes, 28 seconds",1 month ago,https://www.youtube.com/watch?v=DPH3fkyk9iE
ARK Invest: Artificial Intelligence Stocks Will EXPLODE (Here's Why),"86,171",Unknown,1 month ago,https://www.youtube.com/watch?v=-2bPY14Omw4
Artificial Intelligence - Perilous,"4,884","4 minutes, 36 seconds",3 years ago,https://www.youtube.com/watch?v=n5CkofSEc9k
‡¶®‡¶ø‡¶â‡¶∞‡¶®‡ßá‡¶∞ ‡¶Ø‡ßÅ‡¶¶‡ßç‡¶ß  | The Unparalleled Growth of Artificial Intelligence | Chatgpt,"208,951",Unknown,3 weeks ago,https://www.youtube.com/watch?v=GwftxcJ18Jw
Never Trade Wrong: Artificial Intelligence TradingView Indicator Gives Perfect Signals,"19,554","7 minutes, 46 seconds",9 days ago,https://www.youtube.com/watch?v=tEi69HNOmws
Artificial Intelligence | Introduction | Lec-1| Bhanu Priya,"466,807","7 minutes, 48 seconds",3 years ago,https://www.youtube.com/watch?v=kmeaG_BQZ7M
First use of Artificial Intelligence in military warfare | First Human Kill of an AI Drone,"1,582","4 minutes, 52 seconds",1 year ago,https://www.youtube.com/watch?v=u_X4DseOYQo
5 Topics To Learn As AI Engineer üßëüèª‚Äçüíªüí∏üíØ | Artificial Intelligence #shorts #ai #prideeducare,714,Unknown,1 month ago,https://www.youtube.com/shorts/yuHi7CQhSzQ
Artificial Intelligence  - Inwards,"10,381","3 minutes, 56 seconds",3 years ago,https://www.youtube.com/watch?v=bPVjCP9htuk
Japan Releases Fully Performing Female Robots,"2,017,453","8 minutes, 32 seconds",8 months ago,https://www.youtube.com/watch?v=i7W4ZOUfWWU
Artificial Intelligence will Take Over These Jobs in 2022,"56,518","8 minutes, 44 seconds",1 year ago,https://www.youtube.com/watch?v=HhPWoqIyLfw
Optimus Robot Revealed at Tesla AI Day - Artificial intelligence news #tesla #elonmusk #ai #robot,"3,419",Unknown,5 months ago,https://www.youtube.com/shorts/BqxpTWW9qhg
How to Stop Artificial Intelligence from Ending Humanity | Prof Stuart Russell,"18,596","7 minutes, 35 seconds",2 years ago,https://www.youtube.com/watch?v=BShR0pExJq8
What is AI? Artificial Intelligence Explained in Malayalam - One Team Solutions,"5,706","4 minutes, 25 seconds",5 months ago,https://www.youtube.com/watch?v=ja8gDaxv3sc
Artificial Intelligence | A.I | Explained In Telugu | Vikram Aditya Latest Videos | #EP318,"662,702","10 minutes, 31 seconds",9 months ago,https://www.youtube.com/watch?v=dqlb7mbIOI8
NEW Nvidia AI Robot Simulation Tech + This Breakthrough Google Artificial Intelligence,"8,625","8 minutes, 12 seconds",2 months ago,https://www.youtube.com/watch?v=VETMzQi1-UY
Artificial intelligence is scary...! #shorts,"1,746",Unknown,2 months ago,https://www.youtube.com/shorts/hykT0CJRJJ0
Speedrunning Castlevania Using Artificial Intelligence,"5,959",Unknown,1 month ago,https://www.youtube.com/watch?v=rn2cZyHYoc0
YOU are training Artificial Intelligence RIGHT NOW #shorts #ai #bigtech,161,Unknown,3 months ago,https://www.youtube.com/shorts/9N2cGgP5SYk
Twitch Chat and I invaded Europe with Artificial Intelligence,"3,106,904",Unknown,5 months ago,https://www.youtube.com/watch?v=zFO8_dLo8Oo
Artificial Intelligence- Take Me There feat Steo [Timeline],"20,658","5 minutes, 51 seconds",7 years ago,https://www.youtube.com/watch?v=Mx84qF8C8to
The Future of Artificial Intelligence Technology in Legal,81,Unknown,2 months ago,https://www.youtube.com/shorts/MbUS2SCsyFQ
Elon Musk: Artificial Intelligence more dangerous than Nukes #shorts #elonmusk,"1,890",Unknown,5 months ago,https://www.youtube.com/shorts/YcIPWndL4xE
What Is Artificial Intelligence? AI Technology /How To Create AI/#artificialintelligence  #ai #proai,304,"1 minute, 57 seconds",2 months ago,https://www.youtube.com/watch?v=30ICnUDK-NI
The four types of artificial intelligence (AI):,"2,507",Unknown,2 years ago,https://www.youtube.com/watch?v=Rpd_FVKa09Y
An Artificial Intelligence Made This Painting,"130,842","8 minutes, 39 seconds",2 years ago,https://www.youtube.com/watch?v=wFkFf6Zu8i4
Uninformed Vs Informed Search in Artificial Intelligence with Example,"438,589","8 minutes, 17 seconds",3 years ago,https://www.youtube.com/watch?v=gZpUcsB9TFc
Scanning My FACE With ARTIFICIAL INTELLIGENCE!,"417,285",Unknown,6 months ago,https://www.youtube.com/shorts/_7X8-nOjyCk
Artificial Intelligence generates 2022 Alternative Christmas Message | Channel 4,"30,027","3 minutes, 46 seconds",2 months ago,https://www.youtube.com/watch?v=nuMOj-QWpdo
Artificial Intelligence - Aroma (Remix),"8,319","5 minutes, 19 seconds",5 years ago,https://www.youtube.com/watch?v=XxgNoA3eb8Q
The Times An Artificial Intelligence VTuber Became Self-Aware,"91,953","9 minutes, 1 second",3 weeks ago,https://www.youtube.com/watch?v=arbbkoiwdcM
Artificial Intelligence Hardware,257,Unknown,2 months ago,https://www.youtube.com/watch?v=dogVL225IVE
Live: Explore the highlights of the 5th World Artificial Intelligence Conference,"1,673",Unknown,6 months ago,https://www.youtube.com/watch?v=oTHyetx4kKc
1. Artificial Intelligence and Machine Learning,"554,361","1 hour, 14 minutes",2 years ago,https://www.youtube.com/watch?v=t4K6lney7Zw
First AI (Artificial Intelligence) Lab Under CPEC Starts In Islamabad | Wave Of High-Tech Technology,"2,762","5 minutes, 13 seconds",9 months ago,https://www.youtube.com/watch?v=FnmJ_xlBThs
Artificial Intelligence Designed Clothes,357,Unknown,2 months ago,https://www.youtube.com/shorts/ujvu4I8ZGUQ
Data Analysis with Artificial Intelligence without any Formula or Function | Just Ask Plain Question,"1,210","7 minutes, 59 seconds",3 months ago,https://www.youtube.com/watch?v=ZqUSHIOOLs4
Will Smith Tries Online Dating,"37,618,727","4 minutes, 32 seconds",4 years ago,https://www.youtube.com/watch?v=Ml9v3wHLuWI
What is generative artificial intelligence?,124,"2 minutes, 54 seconds",1 day ago,https://www.youtube.com/watch?v=A2i3f6vRVeY
Artificial Intelligence: Humanity‚Äôs Last Invention,"2,810",Unknown,1 month ago,https://www.youtube.com/watch?v=KRz8aD751oY
Asking AI to Draw Artificial Intelligence #shorts,"4,200",Unknown,5 months ago,https://www.youtube.com/shorts/xauWKLWFsbk
U.S. LEAKED: Artificial Intelligence Just Found ALIENS In SPACE,"7,223","12 minutes, 6 seconds",1 year ago,https://www.youtube.com/watch?v=GoUTwNAC16M
Elon Musk and Bill Gates tell The TRUTH about Artificial Intelligence,237,"10 minutes, 17 seconds",1 month ago,https://www.youtube.com/watch?v=xK_0YOIIOgg
John Williams Artificial Intelligence,"4,679","5 minutes, 50 seconds",11 years ago,https://www.youtube.com/watch?v=b0k7f6rJPEA
New Babyclon AI (Artificial Intelligence),"31,474","1 minute, 11 seconds",1 year ago,https://www.youtube.com/watch?v=HZX0qUBf47U
5 Mind blowing Artificial Intelligence Tools,"1,849","5 minutes, 52 seconds",1 month ago,https://www.youtube.com/watch?v=MkPOXA7ABmM
I Won a Fortnite Game Using Artificial Intelligence! (ChatGPT),"63,713","8 minutes, 55 seconds",2 months ago,https://www.youtube.com/watch?v=TGU727u65c4
"The text-to-image revolution, explained","2,047,605","13 minutes, 33 seconds",9 months ago,https://www.youtube.com/watch?v=SVcsDDABEkM
Elon Musk On AI | The Future Of Artificial Intelligence | #shorts,"2,624",Unknown,1 month ago,https://www.youtube.com/shorts/vfPTRxuy_ME
Have we reached the artificial intelligence tipping point? The rise of ChatGPT,"7,255","5 minutes, 41 seconds",2 weeks ago,https://www.youtube.com/watch?v=fs3NhePN2Mg
üì¢Write Letter to anyone using Artificial Intelligence | #chatgpt,"1,642","1 minute, 2 seconds",1 month ago,https://www.youtube.com/watch?v=cmXNJWVx5LA
Pros and Cons of Artificial Intelligence | Drawbacks of Artificial Intelligence | pros of AI | CSS,"1,222","6 minutes, 24 seconds",10 months ago,https://www.youtube.com/watch?v=65ijCyZZJKI
What is Artificial Intelligence in Urdu ? | What is AI?,"54,942","7 minutes, 37 seconds",3 years ago,https://www.youtube.com/watch?v=_vy3Kr9v6ns
Artificial intelligence Can Control Every Move of Human  Movie Explained In Hindi/Urdu | Sci-fi,"237,467",Unknown,3 months ago,https://www.youtube.com/watch?v=2sNLUNAs5JU
Python Artificial Intelligence Tutorial - AI Full Course for Beginners in 9 Hours [2021],"869,680","8 hours, 57 minutes",2 years ago,https://www.youtube.com/watch?v=XIrOM9oP3pA
Artificial Intelligence Applications in Food Industry | Food Industry and AI | Analytics of Life,"22,648","9 minutes, 27 seconds",3 years ago,https://www.youtube.com/watch?v=1St7SEprHgs
Artificial Intelligence is Cancel Culture's Secret Weapon,"3,180","5 minutes, 45 seconds",1 month ago,https://www.youtube.com/watch?v=ZZ6Dk41hdo8
Educators worry about students using artificial intelligence to cheat,"147,801","6 minutes, 15 seconds",1 month ago,https://www.youtube.com/watch?v=3L7dCa0cZS4
Games Workshop Introduces Artificial Intelligence To the Warhammer 40k Universe!  Commander Farsight,"5,402","10 minutes, 45 seconds",4 days ago,https://www.youtube.com/watch?v=dOabcAkFKSo
"Artificial Intelligence: What, Why, How? | Abi Aryan | TEDxNSIT","107,840",Unknown,6 years ago,https://www.youtube.com/watch?v=skEILdakHVc
Unbelievable Artificial Intelligence Breakthrough (AI Cell Simulation),"19,484","8 minutes, 57 seconds",11 months ago,https://www.youtube.com/watch?v=7X3CNk0hGh0
Five components of Problem-Solving Agent in Artificial Intelligence,136,Unknown,10 months ago,https://www.youtube.com/shorts/HVEjpYTb8U0
Artificial Intelligence And The Billionaires,"5,370","7 minutes, 42 seconds",6 months ago,https://www.youtube.com/watch?v=GMbEAGRqAjg
The Rising World Of Building AI Human Clones | Artificial Intelligence | Spark,"2,694,049",Unknown,2 years ago,https://www.youtube.com/watch?v=bC_DZlweviI
How is artificial intelligence (AI) used in education?,"40,253","4 minutes, 34 seconds",2 years ago,https://www.youtube.com/watch?v=xW1jg1UiVwo
Dr Muhammad Rafi Head of Artificial Intelligence Department - FAST NUCES Karachi,801,"2 minutes, 27 seconds",9 months ago,https://www.youtube.com/watch?v=r5_Cz3eGnaw
Artificial Intelligence: What it Means for YOU in 2023,"4,806","8 minutes, 27 seconds",6 days ago,https://www.youtube.com/watch?v=ybIRE2B1NkQ
ROADMAP to EARN 50+ LPA as ARTIFICIAL INTELLIGENCE Engineerüî•(Step By Step) AI & BLOCKCHAIN-2023,"9,680",Unknown,4 days ago,https://www.youtube.com/watch?v=LBlhRirKniw
Artificial intelligence ‡§ñ‡§§‡§∞‡§®‡§æ‡§ï ‡§ï‡•ç‡§Ø‡•ã‡§Ç ‡§π‡•à? #shorts #artificialintelligence,"1,640",Unknown,1 month ago,https://www.youtube.com/shorts/tBqdYod5Efw
What is Artificial Intelligence? In 3 Minutes,"2,663","3 minutes, 18 seconds",11 months ago,https://www.youtube.com/watch?v=_eXyHfbtIwg
Recreating my photography using ARTIFICIAL INTELLIGENCE #creativephotography #aiart #openaidalle,"1,348",Unknown,6 months ago,https://www.youtube.com/shorts/BeoMy0Q0OMs
Make $100/Day With Artificial Intelligence (Make Money Online),"8,280","10 minutes, 23 seconds",6 months ago,https://www.youtube.com/watch?v=CWQkUTPfwLo
Understanding the world of artificial intelligence and its future impacts,194,Unknown,3 days ago,https://www.youtube.com/watch?v=WwmxMQ4dGfU
"""I Tried To Warn You"" - Elon Musk LAST WARNING (2023)","12,367,122","8 minutes, 57 seconds",1 year ago,https://www.youtube.com/watch?v=9jkRcrM6XKA
depth first search  algorithm | DFS | Uninformed | Artificial intelligence | Lec-14 | Bhanu Priya,"182,401","9 minutes, 41 seconds",3 years ago,https://www.youtube.com/watch?v=rmKOOxU4Gf4
3D Printing a Titanium Part Created By Artificial Intelligence,"1,816,670","8 minutes, 6 seconds",9 months ago,https://www.youtube.com/watch?v=hxKI4XBwBjU
Point Avatar Artificial Intelligence | Tech News,"1,874",Unknown,2 months ago,https://www.youtube.com/shorts/d_RZv5ZYfZw
Origin Of Artificial Intelligence | History of Artificial Intelligence | Online Learning |,"1,045","3 minutes, 26 seconds",11 months ago,https://www.youtube.com/watch?v=G-vXrlIkbgM
3 Key Breakthroughs That Paved the Way for Artificial Intelligence,"115,472","1 minute, 53 seconds",4 years ago,https://www.youtube.com/watch?v=-RiiXVUrAdc
The Terrifying Future of Artificial Intelligence,"159,735","8 minutes, 37 seconds",8 months ago,https://www.youtube.com/watch?v=PELnMfcYUj0
BREAKTHROUGH Google Artificial Intelligence | NEW Robotics Automation Tech,"4,050","8 minutes, 37 seconds",3 months ago,https://www.youtube.com/watch?v=_kY_Ca5sbBs
TEDx Drone design artificial intelligence,"6,663","1 minute, 1 second",6 years ago,https://www.youtube.com/watch?v=odHC-gxJhG4
Future Computers Will Be Radically Different (Analog Computing),"9,837,263",Unknown,1 year ago,https://www.youtube.com/watch?v=GVsUOuSjvcg
SINGULARITY TIMELINE | EVOLUTION OF ARTIFICIAL INTELLIGENCE + AGI + ASI (2023 - 2100¬π‚Å∞‚Å∞),"1,138","4 minutes, 15 seconds",1 month ago,https://www.youtube.com/watch?v=BNuDIzQIckU
Terminator but it's made by Artificial Intelligence,unknown,Unknown,Unknown,https://www.youtube.com/watch?v=OR_ztO4n1Lk
30 seconds to understand Artificial Intelligence | What is AI?? |  Tech Thread #short,"1,284",Unknown,1 year ago,https://www.youtube.com/shorts/C3KRdPxqzPI
üò® Real Artificial Intelligence premise How To ü§î,"9,672",Unknown,9 months ago,https://www.youtube.com/watch?v=3URN9JuAWlI
Best Artificial Intelligence Stocks for 2023 and Beyond!,"107,969",Unknown,2 months ago,https://www.youtube.com/watch?v=F6tJWYvnJ0A
Nick Colosimo - Artificial Intelligence Beyond Silicon,"1,170",Unknown,5 months ago,https://www.youtube.com/watch?v=pJ-vqvk3G-c
How Machine Learning and Artificial Intelligence use in Sales & Marketing | Tutort Academy,291,"3 minutes, 52 seconds",7 months ago,https://www.youtube.com/watch?v=oJ70tdlNxuU
Russian And Ukrainian Forces Use Artificial Intelligence On The Front Lines Of The War In Ukraine,472,"8 minutes, 12 seconds",1 year ago,https://www.youtube.com/watch?v=avOgOmCHlhU
01. Blame - Artificial Intelligence,"312,686","4 minutes, 51 seconds",10 years ago,https://www.youtube.com/watch?v=sz2nZj2PNbs
ChatGPT WRITES & DIRECTS THE FIRST AI FILM IN 7 DAYS (Artificial Intelligence),"79,577","6 minutes, 39 seconds",2 months ago,https://www.youtube.com/watch?v=OA8-6q7igwE
Isabel Millar - The Psychoanalysis of Artificial Intelligence | Philosophy Instrumentals Ep.22,"3,158",Unknown,1 year ago,https://www.youtube.com/watch?v=jzAcfWCRabI
I asked artificial intelligence:  It revealed the truth about COVID-19 #shorts,275,Unknown,1 month ago,https://www.youtube.com/shorts/j3onlmU_6Wo
Best 5 AI Research Tools  - Artificial Intelligence Tools That Better Than ChatGPT!,"1,937","11 minutes, 26 seconds",2 weeks ago,https://www.youtube.com/watch?v=uqMSVdZ5OhQ
5 AI tools üíª 10 hours work in 2 mins ü§Ø Artificial Intelligence (AI) ‚ùóü§ñ | Life Saver AI Tools,"2,182",Unknown,1 month ago,https://www.youtube.com/shorts/udL6UIxIB60
Has Artificial Intelligence become SENTIENT?! #ai #artificialintelligence #elonmusk,"43,480",Unknown,4 months ago,https://www.youtube.com/shorts/mJD4QIRYd5k
Artificial Intelligence vs Human Intelligence who will win? | AI vs Humans Who is more Powerful?,"2,907","6 minutes, 58 seconds",1 year ago,https://www.youtube.com/watch?v=VIjnOc_JLGI
Tesla BOT | Elon musk new Girlfriend | Artificial Intelligence News,"2,485",Unknown,5 months ago,https://www.youtube.com/shorts/tEZZ2gxeM18
What is AI - Artificial Intelligence in Telugu | Future of AI | TeluguBadi,"931,397","11 minutes, 12 seconds",4 years ago,https://www.youtube.com/watch?v=1PJsZwpwZ7k
Artificial Intelligence TradingView Indicator Gives Perfect Buy Sell Signals,"92,939","10 minutes, 2 seconds",2 weeks ago,https://www.youtube.com/watch?v=1XtPOrO7U9M
Insane Artificial Intelligence #shorts #youtubeshorts #technology #artificialintelligence,"3,622",Unknown,4 months ago,https://www.youtube.com/shorts/J1kW4wtWfMk
POWER OF ARTIFICIAL INTELLIGENCE  #shortsindia #millionairemindset  #viralvideo,"417,856",Unknown,1 month ago,https://www.youtube.com/shorts/UBo5faRiOu8
Innovation through artificial intelligence,916,"1 hour, 21 minutes",10 months ago,https://www.youtube.com/watch?v=CmEEEQsRhbA
Hill Climbing Algorithm in Artificial Intelligence with Real Life Examples| Heuristic Search,"543,650","10 minutes, 14 seconds",3 years ago,https://www.youtube.com/watch?v=3SiWtAnUROs
Artificial Intelligence saved this Man's Life üò±#shorts,"3,824,490",Unknown,5 months ago,https://www.youtube.com/shorts/Gvv30CAnzQA
I Asked AI (Artificial Intelligence) What Love Looks Like ‚ù§Ô∏è #shorts #AI,"4,413",Unknown,6 months ago,https://www.youtube.com/shorts/Q4JSxhoXFPU
(Lec-1) Artificial Intelligence Introduction | AI with Real Life Examples,"12,893","10 minutes, 2 seconds",1 year ago,https://www.youtube.com/watch?v=rdexw3Rc5cw
Artificial intelligence in Urdu/Hindi,664,"5 minutes, 6 seconds",1 year ago,https://www.youtube.com/watch?v=2Rjt7YRzd7I
LEAKED Artificial Intelligence News | March News,"9,097",Unknown,11 months ago,https://www.youtube.com/watch?v=16GkaV3-zdA
Artificial Intelligence: Why GOOGLE Shut it down?,260,"10 minutes, 56 seconds",3 months ago,https://www.youtube.com/watch?v=tNUTTu_Z03Y
Joe Rogan: How Good Is ChatGPT By OpenAI?! Are We Moving Too Fast With Artificial Intelligence?!,"1,371,476","7 minutes, 53 seconds",1 month ago,https://www.youtube.com/watch?v=nJ2eyeFodl4
I Used Artificial Intelligence to Beat Chimps...,"884,124",Unknown,11 months ago,https://www.youtube.com/watch?v=Y5CEBAP6biI
Artificial Intelligence: Science Fiction To Science Fact,"55,742","8 minutes, 2 seconds",8 months ago,https://www.youtube.com/watch?v=wKaO3ujf-3g
Will Artificial Intelligence make Humans out of JOB? #shorts #artificialintelligence #sadhguru,394,Unknown,2 months ago,https://www.youtube.com/shorts/MACYDz_CtnY
Study Robotics and Artificial Intelligence at R.A.I.N Nigeria,"4,861","3 minutes, 15 seconds",2 years ago,https://www.youtube.com/watch?v=nbWEbsMJoD8
Artificial Intelligence Class 10 Unit 2 | AI Project Cycle - Overview 2022-23,"96,082",Unknown,1 year ago,https://www.youtube.com/watch?v=UvkWkACh4is
Should we be afraid of Artificial Intelligence? ü§ñ,203,Unknown,5 months ago,https://www.youtube.com/shorts/YiwoIcPUik8
Character Special | ‡§∏‡•Ä‡§Ü‡§à‡§°‡•Ä | CID | Artificial Intelligence ‡§ï‡•á ‡§ú‡§æ‡§≤ ‡§∏‡•á Team CID ‡§®‡•á ‡§ï‡§ø‡§Ø‡§æ ‡§á‡§®‡•ç‡§π‡•á Rescue!,"2,393,472",Unknown,9 months ago,https://www.youtube.com/watch?v=XYJbasP66zw
Herzog & Aurich - Artificial Intelligence [Sincopat 85],"1,004","5 minutes, 2 seconds",2 years ago,https://www.youtube.com/watch?v=qnd6VMkY02Q
Artificial Intelligence Course | AI Full Course | Artificial Intelligence Tutorial | Simplilearn,"106,779","7 hours, 28 minutes",2 years ago,https://www.youtube.com/watch?v=PXwUEJVSAeA
Best First Search Algorithm in Artificial Intelligence | How it Works | All Imp Points(Pros & Cons),"540,653","14 minutes, 41 seconds",3 years ago,https://www.youtube.com/watch?v=7ffDUDjwz5E
Artificial Intelligence is getting conscious,"2,972,522",Unknown,2 months ago,https://www.youtube.com/shorts/RNL0aItSOtU
Google Just Shut Down It's Artificial Intelligence After It Revealed This,148,"11 minutes, 15 seconds",1 month ago,https://www.youtube.com/watch?v=F1__61FFAv0
Elon Musk Reveals Shocking Truth About Neuralink's Artificial Intelligence,"2,691","8 minutes, 2 seconds",6 months ago,https://www.youtube.com/watch?v=3eCZrGOfSVU
10 Best Movies about Artificial Intelligence | List Portal,"2,865","3 minutes, 58 seconds",1 year ago,https://www.youtube.com/watch?v=0_sJsPkxfjA
"The failure of A.I. Artificial Intelligence ‚Äì¬†Cracking the Kube, Ep. 6",986,Unknown,1 month ago,https://www.youtube.com/watch?v=VQmxV4-3sHA
Transition from Narrow to General Artificial Intelligence,569,"3 minutes, 26 seconds",5 months ago,https://www.youtube.com/watch?v=Xd6at9XCD3U
How to use Artificial Intelligence in Craft App,101,Unknown,3 months ago,https://www.youtube.com/shorts/GO-Qpw-yaW8
These Researchers Used A.I. to Design a Completely New 'Animal Robot',"6,355",Unknown,2 days ago,https://www.youtube.com/watch?v=8WyWFAS96ac
Artificial Intelligence: What You Need to Know,"1,254","9 minutes, 8 seconds",3 months ago,https://www.youtube.com/watch?v=Iv-uf8-4URk
Human vs Robot | Artificial Intelligence,"1,091,668",Unknown,1 year ago,https://www.youtube.com/shorts/fNXtBUU3zyo
Artificial Intelligence: Sheldrake-Vernon Dialogue 62,"8,644",Unknown,2 years ago,https://www.youtube.com/watch?v=9DPPnC7tZUs
How to Write Amazon Affiliate Article using Artificial Intelligence,323,"9 minutes, 21 seconds",1 month ago,https://www.youtube.com/watch?v=CXY28Ssg40A
We Tried Recipes Written by ARTIFICIAL INTELLIGENCE | Can ChatGPT Cook Italian Food?,unknown,Unknown,Unknown,https://www.youtube.com/watch?v=XSIQCE3InFE
Budget 2023 | '3 Centres of Excellence for Artificial Intelligence To Be Set Up': FM Sitharaman,"1,967","5 minutes, 55 seconds",1 month ago,https://www.youtube.com/watch?v=at-h2jGU36o
OpenFabric is the basis of the Artificial Intelligence Revolution / The WhiteList is open,"39,621","4 minutes, 42 seconds",6 months ago,https://www.youtube.com/watch?v=X2ocA2F_1OQ
A.I. Artificial Intelligence (The Stolen Child),"6,936",Unknown,9 years ago,https://www.youtube.com/watch?v=YUUs7ezHmfk
How Artificial Intelligence is Outsmarting Human Scientists,"33,126","10 minutes, 19 seconds",1 year ago,https://www.youtube.com/watch?v=QZNDVjC1kaI
Minimax Algorithm in Game Playing | Artificial Intelligence,"598,462","12 minutes, 29 seconds",3 years ago,https://www.youtube.com/watch?v=Ntu8nNBL28o
Artificial Intelligence‚Äôs emergence in the music industry,146,"3 minutes, 13 seconds",2 days ago,https://www.youtube.com/watch?v=XW8-AGW0mSA
Machine Learning Basics | What Is Machine Learning? | Introduction To Machine Learning | Simplilearn,"3,667,066","7 minutes, 52 seconds",4 years ago,https://www.youtube.com/watch?v=ukzFI9rgwfU
Artificial Intelligence In Urdu,975,"8 minutes, 23 seconds",2 months ago,https://www.youtube.com/watch?v=jVqL9iVOHkI
"What is Artificial Intelligence In 2023 | Types,Trends  Future of AI | AI Fully Explained In 4 Mins",unknown,Unknown,Unknown,https://www.youtube.com/watch?v=vEWKAdW_6L4
"In simulation of how water freezes, artificial intelligence breaks the ice","15,313",Unknown,7 months ago,https://www.youtube.com/watch?v=l0rdq0F-Zz4
Will Artificial Intelligence Take Away Our Jobs?,"9,034","8 minutes, 48 seconds",10 months ago,https://www.youtube.com/watch?v=KwsE78wxhlE
What is State Space Search | Introduction to Problem Solving in Artificial Intelligence,"515,373","10 minutes, 47 seconds",3 years ago,https://www.youtube.com/watch?v=E5jVBqe59EE
Artificial Intelligence Kya Hai? | What is Artificial Intelligence? | AI ‡§ï‡•ç‡§Ø‡§æ ‡§π‡•à‡§Ç? | AI kay hi | A.I,480,"3 minutes, 21 seconds",6 months ago,https://www.youtube.com/watch?v=7wA7AOtejIk
"Apocalypse of AI wars: Natural vs Artificial Intelligence, 19 Keys with Red Pill","253,212","2 hours, 33 minutes",2 weeks ago,https://www.youtube.com/watch?v=9mf20XoMSmA
Artificial Intelligence Controls My Life 2,"501,794","5 minutes, 5 seconds",3 years ago,https://www.youtube.com/watch?v=8qd8XwbhKRI
AI Technology That Will Change The World (Again),"47,732",Unknown,1 day ago,https://www.youtube.com/watch?v=w5EZCkwJcus
artificial intelligence vs human intelligence how to defeat,521,Unknown,5 months ago,https://www.youtube.com/shorts/OtTioc-G3K8
INSANE Artificial Intelligence Combined With Robot Technology!,"6,969",Unknown,1 month ago,https://www.youtube.com/shorts/Z-9KGBedtCA
Artificial Intelligence Turned Me Into A Professional Biker (In 1 Day),"17,158","7 minutes, 13 seconds",1 month ago,https://www.youtube.com/watch?v=rfZ5J0g3Fzc
What is artificial intelligence with examples? Artificial intelligence definition. COMPUTECH.,112,"3 minutes, 58 seconds",10 months ago,https://www.youtube.com/watch?v=uMwyzDNzMQ0
What is Artificial Intelligence,"3,535","3 minutes, 40 seconds",4 days ago,https://www.youtube.com/watch?v=ImY4Mvw-vrA
Explained in a Jiff: Artificial Intelligence,196,Unknown,9 months ago,https://www.youtube.com/shorts/S47b2OuTz9w
Artificial Intelligence Can Tell Studios Which Movies To Make,307,Unknown,1 month ago,https://www.youtube.com/shorts/HxyiAF1D36s
"Artificial intelligence helping doctors at Emory diagnose Alzheimer's, other forms of dementia",184,"1 minute, 16 seconds",2 days ago,https://www.youtube.com/watch?v=v3jKmOcty_I
Depth First Search (DFS) with example | Uninformed Search | Artificial Intelligence,"718,060","9 minutes, 13 seconds",3 years ago,https://www.youtube.com/watch?v=f8luGFRtshY
"Scope of Artificial Intelligence in India, Courses, Salary, Skills, Future Growth in Hindi","313,660","13 minutes, 12 seconds",1 year ago,https://www.youtube.com/watch?v=DVbiH_P2ogk
Tim Urban: The Artificial Intelligence Revolution | Oredev 2015,"40,915","1 hour, 18 minutes",7 years ago,https://www.youtube.com/watch?v=h8M_coe8eME
Five Interesting Facts About Artificial Intelligence,"4,059","6 minutes, 18 seconds",2 years ago,https://www.youtube.com/watch?v=S4_daSIqZUI
Live: World Artificial Intelligence Conference 2021 takes place in Shanghai,"9,393","2 hours, 39 minutes",1 year ago,https://www.youtube.com/watch?v=pf16RdhLB2U
Artificial Intelligence (AI) and the Future of Real Estate Agents,197,Unknown,6 months ago,https://www.youtube.com/shorts/EoMw0i09Sb4
Elon Musk on the Dangers of Artificial Intelligence,"1,485","9 minutes, 8 seconds",1 month ago,https://www.youtube.com/watch?v=9-kpN2sVWqM
5 ways Artificial intelligence Can Make You Rich,"8,828","4 minutes, 15 seconds",5 months ago,https://www.youtube.com/watch?v=aERMkp0SE5o
Humanity‚Äôs Last Invention #artificialintelligence #technology #elonmusk #ai,"179,187",Unknown,3 weeks ago,https://www.youtube.com/shorts/JXh352gqGvQ
Top 10 Artificial Intelligence healthcare trends to watch in 2021,"2,340","3 minutes, 45 seconds",1 year ago,https://www.youtube.com/watch?v=cGByU2V-z7I
Adobe Artificial Intelligence is Insane! Adobe Photoshop Neural Filters,"2,983","8 minutes, 18 seconds",1 year ago,https://www.youtube.com/watch?v=Q9nGfK3eE_o
Quick overview of artificial intelligence #shorts | Kshitij Tiwari,321,Unknown,1 year ago,https://www.youtube.com/shorts/3-YF3eYlwbY
I Faked AGT w/ Audition Written By Artificial Intelligence,"4,626",Unknown,7 months ago,https://www.youtube.com/watch?v=A8IT6UISVDc
Alpha Beta Pruning in Hindi with Example | Artificial Intelligence,"666,602",Unknown,3 years ago,https://www.youtube.com/watch?v=dEs_kbvu_0s
Are you investing your money? Artificial intelligence platform GenesisAI is super intriguing,"137,558",Unknown,4 months ago,https://www.youtube.com/shorts/x7qyVD8PkMs
"Elon Musk and Bill Gates on the ""Huge Challenge"" of Artificial Intelligence","45,338","4 minutes, 18 seconds",7 years ago,https://www.youtube.com/watch?v=vHzJ_AJ34uQ
CLASS 10: Introduction to Artificial Intelligence | AI 417 | CBSE 2023 | Aakash Singh,"25,173",Unknown,8 months ago,https://www.youtube.com/watch?v=ltQigQ3Nkf4
ü§ñ Elon Musk‚Äôs New Artificial Intelligence By OpenAI Goes Viral #AI,"4,496",Unknown,3 months ago,https://www.youtube.com/shorts/xMto_qSrRVs
Advantages of Artificial Intelligence (AI),"12,483","2 minutes, 26 seconds",2 years ago,https://www.youtube.com/watch?v=QfY3AhKmB3c
Artificial Intelligence Will Take Over Humanity?,"6,678",Unknown,1 month ago,https://www.youtube.com/shorts/4nSP3M1RzAM
Can artificial intelligence take the job of Veterinary Doctors and Animal care givers?,50,"6 minutes, 5 seconds",1 month ago,https://www.youtube.com/watch?v=7A7ZTZyoHhU
Now use Artificial Intelligence to automate your content creation #chatgpt #openai #ai,170,"1 minute, 1 second",2 months ago,https://www.youtube.com/shorts/GpAS21lHkSY
‡§ï‡•ç‡§Ø‡§æ ARTIFICIAL INTELLIGENCE ‡§π‡§Æ ‡§∏‡§≠‡•Ä ‡§ï‡•ã ‡§ñ‡§º‡§§‡§Æ ‡§ï‡§∞ ‡§¶‡•á‡§ó‡§æ?  | AI Robots That Can Destroy Humans,"53,799","7 minutes, 30 seconds",11 months ago,https://www.youtube.com/watch?v=NG1Uwvv0cbQ
"Artificial Intelligence helped humans find 40,000 ring galaxies. #ai #artificialintelligence","3,563",Unknown,7 months ago,https://www.youtube.com/shorts/YJ-vA3dkVNg
Artificial Intelligence Stocks for Long term | Multibagger AI Future Stocks | Harsh Jaiswal,"6,307","8 minutes, 56 seconds",2 months ago,https://www.youtube.com/watch?v=u51BC1WmDXo
Letting Chat GPT control our lives for 72hrs,"2,065,662",Unknown,1 year ago,https://www.youtube.com/watch?v=kISB5sum51Y
Elon Musk Is An Artificial Intelligence Robot!,"2,418",Unknown,1 month ago,https://www.youtube.com/shorts/9Mo_M21lN6Y
The Rise Of Artificial Intelligence (AI) In Digital Marketing,862,Unknown,1 month ago,https://www.youtube.com/shorts/hAPp1UYdZ3Q
What will Stop AI from Taking Over? Artificial Intelligence - The Many Types.,256,"10 minutes, 33 seconds",3 months ago,https://www.youtube.com/watch?v=XMO0eZsi8Bw
Breadth First Search with example | Uninformed Search | Artificial Intelligence,"901,177","12 minutes, 57 seconds",3 years ago,https://www.youtube.com/watch?v=qul0f79gxGs
Top 10 AI Companies For 2023 | Top Artificial Intelligence Companies To Watch In 2023 | Simplilearn,"173,819","7 minutes, 32 seconds",3 months ago,https://www.youtube.com/watch?v=l1__DHSAAKs
What is artificial intelligence | Completely explained in Tamil | AI,"163,065","6 minutes, 24 seconds",2 years ago,https://www.youtube.com/watch?v=rbH2R6ZbZ1U
using ARTIFICIAL INTELLIGENCE to create LOGOs & Brands from scratch | ChatGPT | MidJourney,"31,986",Unknown,2 months ago,https://www.youtube.com/watch?v=u8jAMr8GOtE
Artificial Intelligence: State Space Representation in AI | What is a State: Notion of Search,502,"7 minutes, 10 seconds",11 months ago,https://www.youtube.com/watch?v=Yd5gZj_W1go
How Machine Learning and Artificial Intelligence use in Civil Engineering | Tutort Academy,"1,290","4 minutes, 3 seconds",7 months ago,https://www.youtube.com/watch?v=ZJNIbzk74J0
Artificial Intelligence transforming DevOps,482,Unknown,7 months ago,https://www.youtube.com/watch?v=UOOvDigMGV0
Future of Artificial intelligence by Michio Kaku | Robodoc | Future of AI | Prof Michio Kaku,unknown,Unknown,Unknown,https://www.youtube.com/watch?v=WkiKfK3RnNk
"What is Artificial Intelligence in hindi | Introduction to AI | playlist review | MCA/b.tech,etc","28,370","5 minutes, 59 seconds",1 year ago,https://www.youtube.com/watch?v=oxZADyo-xWc
Artificial Intelligence for Education,"6,584","3 minutes, 8 seconds",5 years ago,https://www.youtube.com/watch?v=yk7QPdDrjHY
Artificial intelligence,"375,003",Unknown,1 year ago,https://www.youtube.com/shorts/KLz0VpxlVTA
Hot Robot At SXSW Says She Wants To Destroy Humans | The Pulse,"19,286,953","2 minutes, 38 seconds",6 years ago,https://www.youtube.com/watch?v=W0_DPi0PmF0
The Marvels of Artificial Intelligence  ü§ñ,116,Unknown,7 months ago,https://www.youtube.com/shorts/SZOhzgvzYk4
How artificial intelligence helps students learn,843,"3 minutes, 4 seconds",10 months ago,https://www.youtube.com/watch?v=tJX6OMR_HLE
EITCA/AI Artificial Intelligence Academy,"197,372",Unknown,1 year ago,https://www.youtube.com/watch?v=xFtHB1XvoKI
Artificial Intelligence(AI) Career || What is AI?  || Salary || Job Profile || #shorts,312,Unknown,1 month ago,https://www.youtube.com/shorts/Bv7eMjrgIM8
Synthesia AI - Artificial Intelligence App Review | Phil Pallen,"147,590","11 minutes, 8 seconds",1 year ago,https://www.youtube.com/watch?v=-2AIweN_Fmg
Elon Musk talks about artificial intelligence destroying humanity,"3,372",Unknown,1 month ago,https://www.youtube.com/shorts/4hr0nFxFyi4
How Artificial Intelligence Became Elon Musk's Biggest Fear,939,"8 minutes, 29 seconds",1 month ago,https://www.youtube.com/watch?v=PJFCHneWUf4
AI- Artificial Intelligence #shorts #youtube,212,"1 minute, 1 second",1 month ago,https://www.youtube.com/shorts/s2xDHmksOgk
10 Incredible Uses of Artificial Intelligence(AI) and Machine Learning Today,"221,050",Unknown,6 months ago,https://www.youtube.com/watch?v=_Rs80XA76FM
Artificial Intelligence transforming Facility Management Systems  | iOmniscient | BuildingAI,723,"3 minutes, 20 seconds",2 years ago,https://www.youtube.com/watch?v=0pwzEwvQO3k
Bank of England Experiments With Artificial Intelligence and Ripple Labs' Blockchain Solutions,219,Unknown,1 month ago,https://www.youtube.com/watch?v=7M2p1die6Yg
Game changer - artificial intelligence AI #shorts,"2,133",Unknown,2 months ago,https://www.youtube.com/shorts/Qni_VrUTS-g
Artificial Intelligence PPT,381,Unknown,4 months ago,https://www.youtube.com/shorts/C9pksmwUIo4
Japan Releases Fully Performing Female Robots,"892,966","9 minutes, 16 seconds",6 months ago,https://www.youtube.com/watch?v=K5yJvUMJ7Ng
CBSE Sample Paper | CBSE Sample Paper 2023 Class 10 Artificial Intelligence | CBSE Board Exam 2023,"38,103","4 hours, 42 minutes",4 months ago,https://www.youtube.com/watch?v=GBJp-tXteLU
3 Times Artificial Intelligence Outdid Us,42,Unknown,6 months ago,https://www.youtube.com/shorts/bPLM9ySY2Ao
Top Artificial Intelligence Systems in the World,"4,763","9 minutes, 10 seconds",2 months ago,https://www.youtube.com/watch?v=Edk0Iu3mPuI
Could Artificial Intelligence ever Surpass Humans?,"7,296","9 minutes, 13 seconds",11 months ago,https://www.youtube.com/watch?v=nIHGoJ3kYJE
Artificial Intelligence & Automation,"16,540","12 minutes, 51 seconds",4 years ago,https://www.youtube.com/watch?v=_h9BgyGv4Mc
What is India's role in Artificial Intelligence technology?,"1,930",Unknown,5 months ago,https://www.youtube.com/shorts/do5wrddhyPU
"Artificial Intelligence, AI, emerging technologies in global business environment, mba, bba","18,526","14 minutes, 13 seconds",10 months ago,https://www.youtube.com/watch?v=wiscimXGqxg
What is ChatGPT: the Artificial Intelligence Chatbot - IN FOCUS | UPSC Current affairs |Drishti IAS,"301,824",Unknown,3 months ago,https://www.youtube.com/watch?v=BWGejNNjsXc
Why Artificial intelligence (ROBOTS) won't replace DOCTORS | FUTURISTIC,514,"8 minutes, 49 seconds",10 months ago,https://www.youtube.com/watch?v=wynmF3mZtjs
The Rise of AI: Financial Planning & Artificial Intelligence,72,"7 minutes, 39 seconds",1 month ago,https://www.youtube.com/watch?v=L1qqm_j3XMw
Why Artificial Intelligence Owns Everything...,717,"13 minutes, 23 seconds",2 months ago,https://www.youtube.com/watch?v=EMTpYaar7Bo
Artificial Intelligence And Deep Learning Full Course | Artificial Intelligence Course | Simplilearn,"23,353","9 hours, 9 minutes",1 year ago,https://www.youtube.com/watch?v=anTjbDH6y-Y
A Star algorithm | Example | Informed search | Artificial intelligence | Lec-21 | Bhanu Priya,"464,661","6 minutes, 38 seconds",3 years ago,https://www.youtube.com/watch?v=PzEWHH2v3TE
"A.I. - Psybient, Psychill, Downtempo Mix","133,086","1 hour, 1 minute",2 years ago,https://www.youtube.com/watch?v=HQzjirwOWnU
End of An Artist's Career? A.I. Creates Art for You! - Complete Guide,"6,175,567",Unknown,7 months ago,https://www.youtube.com/watch?v=704brywiyfw
Artificial Intelligence Copied My Voice and Talked About 2023 Smartphone Features,277,Unknown,2 months ago,https://www.youtube.com/shorts/UlGHXGSbNro
Will there be Human-Level Artificial Intelligence by 2030?,unknown,Unknown,Unknown,https://www.youtube.com/watch?v=VvaU6nl4ILA
Artificial Intelligence Class 10 - Syllabus Overview 2022-23,"63,535","6 minutes, 6 seconds",1 year ago,https://www.youtube.com/watch?v=U7BSo_1IVs4
How Humans and Artificial Intelligence are the Same,"6,349","8 minutes, 55 seconds",1 year ago,https://www.youtube.com/watch?v=pkDOSjFMPIs
AlphaGo - The Movie | Full award-winning documentary,"33,162,963","1 hour, 30 minutes",2 years ago,https://www.youtube.com/watch?v=WXuK6gekU1Y
INSANE Robot Technology Combined With Artificial Intelligence!,"1,446",Unknown,1 month ago,https://www.youtube.com/shorts/8k6xk0u8BR4
Cross-industry innovation in Artificial Intelligence in Bavaria,"1,963,869",Unknown,1 year ago,https://www.youtube.com/watch?v=kij5nxP4hpo
Top Artificial Intelligence Coins || Artificial Intelligence in Crypto || Best 5 Ai Projects,"2,840","8 minutes, 24 seconds",1 month ago,https://www.youtube.com/watch?v=gy5xuzZyXDA
ChatGpt Vs Google | Chatgpt | Artificial Intelligence,236,"1 minute, 1 second",1 month ago,https://www.youtube.com/shorts/B1aGNU_2Wj8
Ameca conversation - Artificial Intelligence News #ameca #humanoidrobot #ai #robot,569,Unknown,5 months ago,https://www.youtube.com/shorts/ALM6B74PJK4
Philosophical Thoughts on Artificial Intelligence üß† ü§ñ,171,Unknown,3 months ago,https://www.youtube.com/shorts/1F0LPTyyFJ0
#shorts# what is artificial intelligence (AI)?,150,Unknown,4 months ago,https://www.youtube.com/shorts/1mTrFZuob2k
Artificial Intelligence Digital Fluency Bcom 1st year Notes in Kannada NEP Syllabus 2022 University,"37,054","8 minutes, 10 seconds",1 year ago,https://www.youtube.com/watch?v=ikRZexPulbU
Removing Artificial Intelligence and Weaponary,768,Unknown,1 month ago,https://www.youtube.com/watch?v=6hVQ0gg4MQM
EP-12 | Tesla Artificial Intelligence ROBOT #OneMinuteShow #ChiraghBaloch,108,Unknown,6 months ago,https://www.youtube.com/shorts/dSs3tXdtiuk
Artificial Intelligence Applications | The Future of AI | AI Explained,344,Unknown,2 months ago,https://www.youtube.com/watch?v=tZxFMABAM0w
Limitations of Artificial Intelligence #ai #machinelearning #datascience #artificialintelligence,76,"1 minute, 1 second",2 months ago,https://www.youtube.com/shorts/841MZv4_sN4
Artificial Intelligence and Singularity : The Last Invention of Mankind?,"7,494","5 minutes, 54 seconds",3 months ago,https://www.youtube.com/watch?v=Ziqy2DmciIU
